interaction_histogram,mse,interaction_spread,inter_cluster_interaction_similarity_USER:TOPIC,intra_cluster_interaction_similarity_USER:TOPIC,inter_cluster_rec_similarity_USER:TOPIC,intra_cluster_rec_similarity_USER:TOPIC,inter_cluster_interaction_similarity_USER:USER,intra_cluster_interaction_similarity_USER:USER,inter_cluster_rec_similarity_USER:USER,intra_cluster_rec_similarity_USER:USER,intra_user_to_topic_cluster_cos_sim,intra_user_cluster_cos_sim,user_cluster_avg_distance_from_centroid,timesteps,state,model
,0.09006472099012831,,,,,,,,,,"[[0.74958026]
 [0.        ]
 [0.        ]
 [0.        ]
 [0.67076363]
 [0.        ]
 [0.        ]
 [0.        ]
 [0.        ]
 [0.24701858]]","[[0.28746454]
 [0.74417884]
 [0.86842147]
 [0.        ]
 [1.09939465]
 [0.73848362]
 [0.95670425]
 [0.74523595]
 [1.14096218]
 [0.51415514]]","[[0.26933536]
 [0.78453322]
 [0.79894427]
 [0.        ]
 [0.84302091]
 [0.84248565]
 [0.85773275]
 [0.68300259]
 [1.07068763]
 [0.5048541 ]]",0,train,myopic
[6. 0. 1. ... 0. 0. 0.],0.09847560389941161,-939.0,0.0008798543689320385,0.001478624392924956,0.0030668043490604314,0.0031797875059876727,0.001330713915041883,0.0015942835186640043,0.0031753478346708414,0.0031653002268513244,"[[0.76596376]
 [0.        ]
 [0.        ]
 [0.        ]
 [0.69320215]
 [0.        ]
 [0.        ]
 [0.        ]
 [0.        ]
 [0.269267  ]]","[[0.31048071]
 [0.74250328]
 [0.86200687]
 [0.        ]
 [1.08567181]
 [0.74093275]
 [0.94970559]
 [0.74981845]
 [1.12495979]
 [0.5306244 ]]","[[0.2653766 ]
 [0.78948245]
 [0.81710468]
 [1.30693803]
 [0.93553361]
 [0.8406079 ]
 [0.88842525]
 [0.68121913]
 [1.18864728]
 [0.49766288]]",1,train,myopic
[1. 1. 1. ... 0. 0. 0.],0.10601981814234036,-0.5,0.0014158576051779969,0.0018693573739500529,0.0030228027593255757,0.003116096736722503,0.0016630835001358922,0.0021027720270148605,0.003098641472267147,0.0031254680943835125,"[[0.77793407]
 [0.        ]
 [0.        ]
 [0.        ]
 [0.71475589]
 [0.        ]
 [0.        ]
 [0.        ]
 [0.        ]
 [0.29202909]]","[[0.3313962 ]
 [0.73990973]
 [0.85732513]
 [0.        ]
 [1.07581257]
 [0.74639332]
 [0.94629914]
 [0.75040399]
 [1.11086893]
 [0.54724167]]","[[0.26217946]
 [0.80199805]
 [0.84140636]
 [1.81390907]
 [1.02346334]
 [0.84034337]
 [0.92483592]
 [0.68833945]
 [1.3326572 ]
 [0.49174563]]",2,train,myopic
[2. 0. 2. ... 0. 0. 0.],0.11372691277777491,-0.5,0.0022724514563106767,0.0025447904025605304,0.0030883041770618084,0.003136730230301505,0.0023278226703238878,0.0028289930207085756,0.00314724839307152,0.0031113036294675082,"[[0.8000997 ]
 [0.        ]
 [0.        ]
 [0.        ]
 [0.73990447]
 [0.        ]
 [0.        ]
 [0.        ]
 [0.        ]
 [0.31667796]]","[[0.35512443]
 [0.73986039]
 [0.85082009]
 [0.        ]
 [1.07282671]
 [0.74831669]
 [0.94555117]
 [0.75347422]
 [1.10308352]
 [0.56184235]]","[[0.25881653]
 [0.81763879]
 [0.8779709 ]
 [2.74167669]
 [1.11438268]
 [0.85109737]
 [0.96887817]
 [0.69686093]
 [1.45315142]
 [0.48823665]]",3,train,myopic
[2. 2. 3. ... 0. 0. 0.],0.1214676233174879,0.0,0.0030209778085991375,0.003280118836561154,0.003000624538693089,0.0031383046803061944,0.0029999752885069785,0.0036645581598070275,0.0031326637666245012,0.00312100766887166,"[[0.81596519]
 [0.        ]
 [0.        ]
 [0.        ]
 [0.76285137]
 [0.        ]
 [0.        ]
 [0.        ]
 [0.        ]
 [0.34099147]]","[[0.37719069]
 [0.74074669]
 [0.84599911]
 [0.        ]
 [1.05483791]
 [0.75230684]
 [0.93257219]
 [0.75828018]
 [1.07988321]
 [0.58266233]]","[[0.25606858]
 [0.83763367]
 [0.91120568]
 [2.75827005]
 [1.25858189]
 [0.86391497]
 [1.03879107]
 [0.70670996]
 [1.6385748 ]
 [0.48329075]]",4,train,myopic
[7. 0. 0. ... 0. 0. 0.],0.12902377930939096,0.5,0.0038059600862998047,0.004019739851819462,0.003161758443796611,0.0031428406356331976,0.0037675760496215347,0.004369464691590484,0.0031573816354543245,0.0031239194725229155,"[[0.81819691]
 [0.        ]
 [0.        ]
 [0.        ]
 [0.77581812]
 [0.        ]
 [0.        ]
 [0.        ]
 [0.        ]
 [0.36528915]]","[[0.39876138]
 [0.74142283]
 [0.84112216]
 [0.        ]
 [1.04563891]
 [0.75453182]
 [0.92266756]
 [0.7587526 ]
 [1.07086404]
 [0.59904362]]","[[0.2536307 ]
 [0.85657405]
 [0.95388346]
 [2.93533421]
 [1.37595369]
 [0.8803212 ]
 [1.11343791]
 [0.7248981 ]
 [1.76310382]
 [0.48115705]]",5,train,myopic
[1. 1. 0. ... 0. 0. 0.],0.13635273536153525,0.5,0.004594733745219136,0.004848449474694297,0.003213358030999914,0.0031036115656970123,0.0045840943350013924,0.005209487359820035,0.003127160422705518,0.0030879223985226037,"[[0.83838841]
 [0.        ]
 [0.        ]
 [0.        ]
 [0.80246091]
 [0.        ]
 [0.        ]
 [0.        ]
 [0.        ]
 [0.38895324]]","[[0.42042015]
 [0.74326083]
 [0.83557249]
 [0.        ]
 [1.04634033]
 [0.75788956]
 [0.91962079]
 [0.76272823]
 [1.06221092]
 [0.61297069]]","[[0.2513479 ]
 [0.88224782]
 [0.99774702]
 [3.53394978]
 [1.48668282]
 [0.89911   ]
 [1.17472544]
 [0.74024829]
 [1.92525455]
 [0.48102479]]",6,train,myopic
[2. 1. 1. ... 0. 0. 0.],0.14339601679456157,1.5,0.005299069862176571,0.005666180940324366,0.0031996962470903028,0.0031220414985361784,0.0053545442621723525,0.006078936136915491,0.003133263064966005,0.0031193584359092944,"[[0.84376897]
 [0.        ]
 [0.        ]
 [0.        ]
 [0.80540003]
 [0.        ]
 [0.        ]
 [0.        ]
 [0.        ]
 [0.41106504]]","[[0.44002222]
 [0.75474543]
 [0.83101843]
 [0.        ]
 [1.03719338]
 [0.75856338]
 [0.91821271]
 [0.76310161]
 [1.04423193]
 [0.62546036]]","[[0.24962701]
 [0.89633257]
 [1.04453893]
 [3.82669016]
 [1.61288848]
 [0.92203829]
 [1.23336545]
 [0.76335614]
 [2.0988004 ]
 [0.48190778]]",7,train,myopic
[4. 1. 1. ... 0. 0. 0.],0.15016491806990667,-1.5,0.005989499982218068,0.006509047394468737,0.0031640649787423886,0.0031063873494991093,0.006146788442731376,0.006971308967602982,0.003115602890434512,0.0031030318186885722,"[[0.85626247]
 [0.        ]
 [0.        ]
 [0.        ]
 [0.81871984]
 [0.        ]
 [0.        ]
 [0.        ]
 [0.        ]
 [0.43347869]]","[[0.46071152]
 [0.75352051]
 [0.82702102]
 [0.        ]
 [1.02391464]
 [0.76693865]
 [0.91334514]
 [0.76650611]
 [1.03876685]
 [0.64152969]]","[[0.24774359]
 [0.92306448]
 [1.09206311]
 [4.417574  ]
 [1.73355195]
 [0.93976233]
 [1.30098009]
 [0.78466808]
 [2.23446009]
 [0.48159487]]",8,train,myopic
[2. 1. 0. ... 0. 0. 0.],0.1561438635617028,0.0,0.006654188677898242,0.007307022319378971,0.0030146724845619478,0.003152734907793385,0.006918667311245338,0.007784464453601916,0.003133527011256833,0.003156355702627211,"[[0.8685636 ]
 [0.        ]
 [0.        ]
 [0.        ]
 [0.82503247]
 [0.        ]
 [0.        ]
 [0.        ]
 [0.        ]
 [0.45477842]]","[[0.47958706]
 [0.76053944]
 [0.83061377]
 [0.        ]
 [1.02643842]
 [0.77511507]
 [0.90926443]
 [0.77168482]
 [1.03007772]
 [0.6511994 ]]","[[0.24633542]
 [0.94575301]
 [1.13241361]
 [4.98652978]
 [1.82290252]
 [0.95516481]
 [1.37022523]
 [0.80149504]
 [2.39036699]
 [0.4843539 ]]",9,train,myopic
[6. 1. 1. ... 0. 0. 0.],0.16292687085423002,-0.5,0.007475886794847658,0.008182061753837523,0.0030912891046386984,0.003140624526142009,0.007738427721166577,0.008734945874017564,0.0031712547545086705,0.003083909791051969,"[[0.89240959]
 [0.        ]
 [0.        ]
 [0.        ]
 [0.84072477]
 [0.        ]
 [0.        ]
 [0.        ]
 [0.        ]
 [0.4767385 ]]","[[0.50041892]
 [0.76610507]
 [0.83158376]
 [0.        ]
 [1.02688453]
 [0.78909128]
 [0.90449969]
 [0.77348019]
 [1.02042663]
 [0.66345983]]","[[0.24474626]
 [0.96967628]
 [1.17474353]
 [5.51875004]
 [1.9247435 ]
 [0.96705054]
 [1.4385375 ]
 [0.82372456]
 [2.54903601]
 [0.4869164 ]]",10,train,myopic
[3. 0. 2. ... 0. 0. 0.],1.1279240728144837,22.5,0.008706239202375336,0.009424746346138518,0.014743039631966007,0.016243763919444185,0.00895104417826784,0.010021819146360106,0.01570998700905896,0.016785926194410026,"[[0.89967193]
 [0.        ]
 [0.        ]
 [0.        ]
 [0.85432415]
 [0.        ]
 [0.        ]
 [0.        ]
 [0.        ]
 [0.49800686]]","[[0.51890384]
 [0.77750552]
 [0.84286304]
 [0.        ]
 [1.0190024 ]
 [0.79000828]
 [0.8969116 ]
 [0.77995204]
 [1.00177086]
 [0.67915214]]","[[0.24373101]
 [0.98722793]
 [1.2101573 ]
 [5.87867388]
 [2.01615204]
 [0.99173499]
 [1.49713223]
 [0.84244188]
 [2.70619152]
 [0.4881154 ]]",11,run,myopic
[0. 0. 3. ... 0. 0. 0.],1.1750033479955364,-4.5,0.010524362983998153,0.010893301233107217,0.017245640857688666,0.017204155389724095,0.010507944366898439,0.011419766744829465,0.016946515786149755,0.017610602335528833,"[[0.91592178]
 [0.        ]
 [0.        ]
 [0.        ]
 [0.86439802]
 [0.        ]
 [0.        ]
 [0.        ]
 [0.        ]
 [0.51998666]]","[[0.53826628]
 [0.78885309]
 [0.84214363]
 [0.        ]
 [1.00522373]
 [0.79823324]
 [0.88483486]
 [0.79112719]
 [0.99070594]
 [0.69316822]]","[[0.24279945]
 [1.00522886]
 [1.24231291]
 [6.06421286]
 [2.12177307]
 [1.00722092]
 [1.56358862]
 [0.85776812]
 [2.84797178]
 [0.4896582 ]]",12,run,myopic
[2. 0. 1. ... 0. 0. 0.],1.2101838491942543,-6.5,0.011864422640289337,0.012469384931704417,0.017284389750194074,0.018555320691331065,0.012047354483935112,0.01300797644003523,0.018351249781098783,0.01863081613126095,"[[0.91414251]
 [0.        ]
 [0.        ]
 [0.        ]
 [0.87496718]
 [0.        ]
 [0.        ]
 [0.        ]
 [0.        ]
 [0.54260878]]","[[0.55869854]
 [0.7899754 ]
 [0.84243397]
 [0.        ]
 [1.00688164]
 [0.80293513]
 [0.88475301]
 [0.79757998]
 [0.98691961]
 [0.70834197]]","[[0.24190267]
 [1.02741747]
 [1.2762574 ]
 [6.28818746]
 [2.1980371 ]
 [1.02484992]
 [1.60694491]
 [0.87512806]
 [2.91652213]
 [0.49089598]]",13,run,myopic
[3. 0. 3. ... 0. 0. 0.],1.2336003664243846,-1.0,0.013407097357368034,0.014100164099860176,0.017893370600634662,0.01850418165767784,0.013757927157356437,0.014498650118573814,0.0182841612338689,0.018729129198291422,"[[0.92356226]
 [0.        ]
 [0.        ]
 [0.        ]
 [0.88460144]
 [0.        ]
 [0.        ]
 [0.        ]
 [0.        ]
 [0.56729925]]","[[0.58096791]
 [0.8052852 ]
 [0.8439999 ]
 [0.        ]
 [1.01499429]
 [0.80628235]
 [0.87998266]
 [0.80357056]
 [0.99588896]
 [0.72205632]]","[[0.2411066 ]
 [1.04090298]
 [1.30459608]
 [6.4204786 ]
 [2.25559685]
 [1.04820838]
 [1.66147353]
 [0.89778605]
 [2.97684298]
 [0.49430614]]",14,run,myopic
[0. 0. 6. ... 0. 0. 0.],1.25061929590937,-2.0,0.014868570237515531,0.015571769860145341,0.017721541116020614,0.01868674736583022,0.015227338988661783,0.01597173488307614,0.0183834502582414,0.01897354804997368,"[[0.92257994]
 [0.        ]
 [0.        ]
 [0.        ]
 [0.89159276]
 [0.        ]
 [0.        ]
 [0.        ]
 [0.        ]
 [0.59267379]]","[[0.60458839]
 [0.82112652]
 [0.84817848]
 [0.        ]
 [1.0106956 ]
 [0.81242836]
 [0.8929475 ]
 [0.81466048]
 [0.98655277]
 [0.73472255]]","[[0.2403715 ]
 [1.05017224]
 [1.33838933]
 [6.73959373]
 [2.31119413]
 [1.06421556]
 [1.68000017]
 [0.91525457]
 [3.06302863]
 [0.49788073]]",15,run,myopic
[0. 0. 2. ... 0. 0. 0.],1.261148262451991,2.5,0.016318937485063363,0.017112030849661907,0.017301379385428167,0.018780373778828956,0.016711403152675965,0.01758194868557211,0.01854746056763812,0.018861164216069322,"[[0.93544315]
 [0.        ]
 [0.        ]
 [0.        ]
 [0.89793349]
 [0.        ]
 [0.        ]
 [0.        ]
 [0.        ]
 [0.61748468]]","[[0.62869148]
 [0.82908588]
 [0.85104666]
 [0.        ]
 [1.00677887]
 [0.81210555]
 [0.91330296]
 [0.82115701]
 [0.98393496]
 [0.7482791 ]]","[[0.24002054]
 [1.0645244 ]
 [1.35824952]
 [6.82329371]
 [2.37712697]
 [1.08942132]
 [1.69290451]
 [0.92420599]
 [3.16128426]
 [0.50131018]]",16,run,myopic
[0. 0. 4. ... 0. 0. 0.],1.2672583164080273,-7.5,0.017746001458350723,0.01831942454632539,0.017779739548197976,0.019151502008983728,0.01791659409294421,0.01883427245699799,0.018914761698922616,0.019258482505651018,"[[0.940153  ]
 [0.        ]
 [0.        ]
 [0.        ]
 [0.90072259]
 [0.        ]
 [0.        ]
 [0.        ]
 [0.        ]
 [0.64044718]]","[[0.65060451]
 [0.83699484]
 [0.8519272 ]
 [0.        ]
 [1.00853184]
 [0.8223667 ]
 [0.91334955]
 [0.83122028]
 [0.97738786]
 [0.75727597]]","[[0.23998005]
 [1.07940567]
 [1.3877987 ]
 [6.99497048]
 [2.40146445]
 [1.09725633]
 [1.73327812]
 [0.94205195]
 [3.23505991]
 [0.50661121]]",17,run,myopic
[1. 0. 1. ... 0. 0. 0.],1.2710942118088402,3.0,0.019014301127287317,0.01936775839052274,0.01848287217796458,0.018364867201202825,0.01899642231811811,0.01987545794391429,0.018293396707668375,0.018497747600026416,"[[0.94468007]
 [0.        ]
 [0.        ]
 [0.        ]
 [0.90413552]
 [0.        ]
 [0.        ]
 [0.        ]
 [0.        ]
 [0.66250149]]","[[0.67241971]
 [0.84023183]
 [0.85571794]
 [0.        ]
 [1.01373127]
 [0.82823614]
 [0.91232279]
 [0.83461377]
 [0.98824117]
 [0.76552526]]","[[0.23999927]
 [1.09800572]
 [1.41256628]
 [7.20923417]
 [2.43275909]
 [1.10698315]
 [1.76985571]
 [0.96318453]
 [3.28499151]
 [0.51287215]]",18,run,myopic
[1. 0. 2. ... 0. 0. 1.],1.274247761491227,-2.0,0.02000124586052713,0.020448036147329422,0.018875799885124455,0.018665869812827175,0.020090278528279604,0.0209170860726519,0.01851328596695795,0.018941619872331086,"[[0.95345085]
 [0.        ]
 [0.        ]
 [0.        ]
 [0.90327835]
 [0.        ]
 [0.        ]
 [0.        ]
 [0.        ]
 [0.68335208]]","[[0.6910964 ]
 [0.85373338]
 [0.85600902]
 [0.        ]
 [1.0261181 ]
 [0.84182278]
 [0.9098492 ]
 [0.83847767]
 [1.00211757]
 [0.77681921]]","[[0.24060652]
 [1.10010546]
 [1.43772408]
 [7.46931638]
 [2.49207855]
 [1.11808969]
 [1.81012631]
 [0.98286224]
 [3.32530279]
 [0.51915094]]",19,run,myopic
[0. 0. 1. ... 0. 0. 0.],1.2762024201693307,5.0,0.02098229308601001,0.021269824518991922,0.016882408655389897,0.01843447210275599,0.020992678420828793,0.021644260001275017,0.0180370308122268,0.018755999518916957,"[[0.96008079]
 [0.        ]
 [0.        ]
 [0.        ]
 [0.90401852]
 [0.        ]
 [0.        ]
 [0.        ]
 [0.        ]
 [0.70284459]]","[[0.70964192]
 [0.85994592]
 [0.8685396 ]
 [0.        ]
 [1.0241056 ]
 [0.84703555]
 [0.91884463]
 [0.84253742]
 [1.01560976]
 [0.78397333]]","[[0.24132161]
 [1.11965926]
 [1.45056937]
 [7.6986882 ]
 [2.5246829 ]
 [1.12898188]
 [1.83643975]
 [1.00495604]
 [3.36964599]
 [0.52721439]]",20,run,myopic
[0. 0. 2. ... 0. 0. 4.],1.2788772954984735,-4.5,0.021718210574057456,0.021962217985566107,0.01886909885116734,0.018497447851856984,0.021692959794521224,0.02233267666030822,0.018318430784490566,0.018844662394107176,"[[0.96699839]
 [0.        ]
 [0.        ]
 [0.        ]
 [0.90550631]
 [0.        ]
 [0.        ]
 [0.        ]
 [0.        ]
 [0.72018572]]","[[0.72601459]
 [0.86940981]
 [0.87633362]
 [0.        ]
 [1.02211286]
 [0.85848307]
 [0.9204609 ]
 [0.84854339]
 [1.02892618]
 [0.7900092 ]]","[[0.24212392]
 [1.12815197]
 [1.47387436]
 [8.03847203]
 [2.57700259]
 [1.14242573]
 [1.86784974]
 [1.02292467]
 [3.43538064]
 [0.53381135]]",21,run,myopic
[1. 0. 1. ... 2. 0. 1.],1.2815000162560852,0.0,0.022401003441818362,0.02261226024804011,0.018013863195986555,0.01859164821290123,0.022368833768635302,0.022948944088301674,0.018481041423292623,0.018653559779183274,"[[0.97155216]
 [0.        ]
 [0.        ]
 [0.        ]
 [0.90528419]
 [0.        ]
 [0.        ]
 [0.        ]
 [0.        ]
 [0.73373161]]","[[0.73893936]
 [0.87236676]
 [0.88124929]
 [0.        ]
 [1.02172719]
 [0.86030653]
 [0.9215365 ]
 [0.84379084]
 [1.04753903]
 [0.7967638 ]]","[[0.24306605]
 [1.14398032]
 [1.49726809]
 [8.33249364]
 [2.6472716 ]
 [1.15278276]
 [1.89435559]
 [1.04770212]
 [3.47577894]
 [0.5401809 ]]",22,run,myopic
[0. 0. 0. ... 1. 0. 6.],1.2841159079153228,2.5,0.023049116937270315,0.023192158608297375,0.016864802130153317,0.017976610252001923,0.02295486798183322,0.023532243436367867,0.017817270632579946,0.01801297738932057,"[[0.98475122]
 [0.        ]
 [0.        ]
 [0.        ]
 [0.90512064]
 [0.        ]
 [0.        ]
 [0.        ]
 [0.        ]
 [0.74605989]]","[[0.74996374]
 [0.88225453]
 [0.88417673]
 [0.        ]
 [1.01772016]
 [0.86283124]
 [0.92150177]
 [0.84897034]
 [1.05122923]
 [0.80289379]]","[[0.24417902]
 [1.15225472]
 [1.51518246]
 [8.64554424]
 [2.71253414]
 [1.17012765]
 [1.92369646]
 [1.06298384]
 [3.54524387]
 [0.54536539]]",23,run,myopic
[0. 0. 2. ... 0. 0. 4.],1.2867613094696306,-4.0,0.023704288033279352,0.023668650854639997,0.0182560409355624,0.018060671677216016,0.023447951676274673,0.02401684022880605,0.017902033557216916,0.01834303627937823,"[[0.98488447]
 [0.        ]
 [0.        ]
 [0.        ]
 [0.89784148]
 [0.        ]
 [0.        ]
 [0.        ]
 [0.        ]
 [0.75544906]]","[[0.75883698]
 [0.89006549]
 [0.88492005]
 [0.        ]
 [1.00387483]
 [0.8616502 ]
 [0.92618188]
 [0.84869584]
 [1.05372677]
 [0.8041351 ]]","[[0.24563955]
 [1.16180732]
 [1.53408957]
 [8.91653656]
 [2.76623808]
 [1.18740953]
 [1.95673406]
 [1.07980985]
 [3.59156232]
 [0.55209853]]",24,run,myopic
[0. 0. 2. ... 0. 0. 5.],1.2892179821798684,2.0,0.024124159587584036,0.024189717058062513,0.017671576466527297,0.01843399156372104,0.023967266795226785,0.024521487789082284,0.01814874430187395,0.01873119815362851,"[[0.97445877]
 [0.        ]
 [0.        ]
 [0.        ]
 [0.88893584]
 [0.        ]
 [0.        ]
 [0.        ]
 [0.        ]
 [0.76444225]]","[[0.76699067]
 [0.89100947]
 [0.88301259]
 [0.        ]
 [0.99100813]
 [0.86474031]
 [0.93448622]
 [0.84703562]
 [1.05715108]
 [0.80577126]]","[[0.24694391]
 [1.18220466]
 [1.55570021]
 [9.09866646]
 [2.80982809]
 [1.20612498]
 [1.98500051]
 [1.09676697]
 [3.62052174]
 [0.55740376]]",25,run,myopic
[0. 0. 1. ... 0. 0. 7.],1.292271524798506,-1.0,0.024452132465410885,0.024640592630561044,0.018771174279821595,0.018015681817975356,0.02442813833332723,0.024933667093193942,0.01801138350200951,0.01816513518075406,"[[0.97684913]
 [0.        ]
 [0.        ]
 [0.        ]
 [0.87966939]
 [0.        ]
 [0.        ]
 [0.        ]
 [0.        ]
 [0.77011762]]","[[0.77233764]
 [0.89499388]
 [0.87980435]
 [0.        ]
 [0.98065342]
 [0.86381563]
 [0.93822459]
 [0.84813792]
 [1.05071081]
 [0.80546138]]","[[0.24827733]
 [1.19146901]
 [1.57409368]
 [9.27555261]
 [2.84154351]
 [1.21964036]
 [2.0294424 ]
 [1.10900073]
 [3.70291286]
 [0.56424775]]",26,run,myopic
[0. 0. 2. ... 0. 0. 1.],1.2948360293738361,1.0,0.024837205303316907,0.025097722260003293,0.01798211642792935,0.01857097854858067,0.024848727442467862,0.02543370995866428,0.018301837228083172,0.01887607194005544,"[[0.97688952]
 [0.        ]
 [0.        ]
 [0.        ]
 [0.87953843]
 [0.        ]
 [0.        ]
 [0.        ]
 [0.        ]
 [0.77569245]]","[[0.77741137]
 [0.89292454]
 [0.87953993]
 [0.        ]
 [0.9731457 ]
 [0.86206349]
 [0.94072395]
 [0.84964486]
 [1.0394295 ]
 [0.80591859]]","[[0.24944575]
 [1.20513746]
 [1.59578587]
 [9.47896897]
 [2.89106758]
 [1.23987379]
 [2.06073017]
 [1.11784946]
 [3.74421967]
 [0.57110639]]",27,run,myopic
[0. 0. 1. ... 0. 0. 2.],1.297306427920133,0.0,0.0250747273405545,0.025438046594657943,0.017067560268837153,0.01873227419775843,0.025164803001308494,0.02579211892239604,0.018277470804223046,0.019121255797062406,"[[0.971267  ]
 [0.        ]
 [0.        ]
 [0.        ]
 [0.88217966]
 [0.        ]
 [0.        ]
 [0.        ]
 [0.        ]
 [0.78041854]]","[[0.78119839]
 [0.89181022]
 [0.88234935]
 [0.        ]
 [0.96371859]
 [0.86442556]
 [0.95049628]
 [0.84848492]
 [1.03678429]
 [0.80575115]]","[[0.25080511]
 [1.22312592]
 [1.61569022]
 [9.63947169]
 [2.91618548]
 [1.24626718]
 [2.0810108 ]
 [1.1295302 ]
 [3.80808009]
 [0.57815542]]",28,run,myopic
[0. 0. 0. ... 0. 1. 2.],1.299596875133419,-1.0,0.02540758124162205,0.025763643570502665,0.018108069338475283,0.018631736304624103,0.025510570313140343,0.026087881204868914,0.018634334726310143,0.018528732597613225,"[[0.97551871]
 [0.        ]
 [0.        ]
 [0.        ]
 [0.88336675]
 [0.        ]
 [0.        ]
 [0.        ]
 [0.        ]
 [0.78474435]]","[[0.785758  ]
 [0.89042115]
 [0.88395554]
 [0.        ]
 [0.96187657]
 [0.8698605 ]
 [0.94758968]
 [0.84767816]
 [1.0271037 ]
 [0.80591113]]","[[0.2520981 ]
 [1.23492488]
 [1.63746551]
 [9.82879087]
 [2.96788813]
 [1.25734795]
 [2.1033412 ]
 [1.14559314]
 [3.85873332]
 [0.58401192]]",29,run,myopic
[1. 0. 0. ... 0. 0. 2.],1.3024191513233228,1.0,0.025502175486932146,0.02592914679274626,0.016435463605243446,0.018233869227235314,0.02568486439254258,0.026226380491130862,0.018052948239613856,0.0181738451107948,"[[0.96115467]
 [0.        ]
 [0.        ]
 [0.        ]
 [0.88179478]
 [0.        ]
 [0.        ]
 [0.        ]
 [0.        ]
 [0.78634173]]","[[0.7867968 ]
 [0.88773118]
 [0.88043775]
 [0.        ]
 [0.95916141]
 [0.86316129]
 [0.95140491]
 [0.84390479]
 [1.0201618 ]
 [0.80622714]]","[[0.25365309]
 [1.24499154]
 [1.66218731]
 [9.98243319]
 [2.97553132]
 [1.27021   ]
 [2.12205512]
 [1.16267532]
 [3.88771553]
 [0.58914426]]",30,run,myopic
[0. 0. 0. ... 0. 0. 3.],1.3050798731654079,-1.5,0.02556383153442776,0.026111192092637743,0.017046878382787914,0.018295284776038576,0.02583857321293479,0.026429510395169786,0.01778730033134807,0.018845235564129256,"[[0.96549215]
 [0.        ]
 [0.        ]
 [0.        ]
 [0.88362706]
 [0.        ]
 [0.        ]
 [0.        ]
 [0.        ]
 [0.78780455]]","[[0.78715959]
 [0.88637236]
 [0.87808796]
 [0.        ]
 [0.95118359]
 [0.85980251]
 [0.94876085]
 [0.83920252]
 [1.0213482 ]
 [0.80951431]]","[[ 0.25500985]
 [ 1.26322631]
 [ 1.6782341 ]
 [10.14278661]
 [ 3.03620863]
 [ 1.28658378]
 [ 2.1424896 ]
 [ 1.17275045]
 [ 3.93171645]
 [ 0.59391547]]",31,run,myopic
[0. 0. 0. ... 2. 0. 5.],1.3074239888161865,1.0,0.0257473368308819,0.026299504967565637,0.017391029430390392,0.01828716937191476,0.026057911096044,0.02656891441099148,0.0180192611590969,0.018532273288150432,"[[0.96835582]
 [0.        ]
 [0.        ]
 [0.        ]
 [0.88394045]
 [0.        ]
 [0.        ]
 [0.        ]
 [0.        ]
 [0.78951288]]","[[0.78938179]
 [0.88586662]
 [0.87600441]
 [0.        ]
 [0.95383682]
 [0.86369882]
 [0.94493835]
 [0.84051224]
 [1.01052945]
 [0.8083883 ]]","[[ 0.25596859]
 [ 1.26844137]
 [ 1.68872568]
 [10.31812619]
 [ 3.05523755]
 [ 1.29225171]
 [ 2.16495977]
 [ 1.18669723]
 [ 3.98129579]
 [ 0.59883818]]",32,run,myopic
[1. 0. 1. ... 0. 0. 1.],1.310020234638077,-0.5,0.025933275391932867,0.026467960672104503,0.017776302167716678,0.01794523173837769,0.02623850704466548,0.026721892030626263,0.017655790498248516,0.018361107700352902,"[[0.96099789]
 [0.        ]
 [0.        ]
 [0.        ]
 [0.8788027 ]
 [0.        ]
 [0.        ]
 [0.        ]
 [0.        ]
 [0.79048178]]","[[0.79132744]
 [0.88405566]
 [0.86913116]
 [0.        ]
 [0.95099528]
 [0.8583507 ]
 [0.94023609]
 [0.84162607]
 [1.00614518]
 [0.80510728]]","[[ 0.25696141]
 [ 1.27593146]
 [ 1.70431032]
 [10.47100684]
 [ 3.08805257]
 [ 1.29929427]
 [ 2.18347735]
 [ 1.19249411]
 [ 4.01995246]
 [ 0.60455822]]",33,run,myopic
[0. 0. 1. ... 1. 0. 2.],1.3121735859776444,1.0,0.02627254486542791,0.026618258592661228,0.01876555205071429,0.018289146427692263,0.026397558448783442,0.026894366478437376,0.01814937727133854,0.01859543955988788,"[[0.9645497 ]
 [0.        ]
 [0.        ]
 [0.        ]
 [0.87125279]
 [0.        ]
 [0.        ]
 [0.        ]
 [0.        ]
 [0.79170813]]","[[0.79256427]
 [0.88111989]
 [0.87274718]
 [0.        ]
 [0.94629155]
 [0.85653417]
 [0.93972528]
 [0.83825554]
 [1.00283473]
 [0.80424304]]","[[ 0.25815734]
 [ 1.28566013]
 [ 1.72125975]
 [10.59822954]
 [ 3.13535874]
 [ 1.30560019]
 [ 2.19293428]
 [ 1.20211331]
 [ 4.06468602]
 [ 0.60766393]]",34,run,myopic
[1. 0. 1. ... 0. 0. 3.],1.3141765723017678,2.5,0.026318582086715853,0.02676958686198136,0.017634727962238174,0.017812304347086087,0.026526056892390588,0.02706111363392496,0.017511685710915523,0.018243838919674047,"[[0.9670583 ]
 [0.        ]
 [0.        ]
 [0.        ]
 [0.87950231]
 [0.        ]
 [0.        ]
 [0.        ]
 [0.        ]
 [0.79256814]]","[[0.7929838 ]
 [0.87429294]
 [0.8760428 ]
 [0.        ]
 [0.94021394]
 [0.85923207]
 [0.93656175]
 [0.83843778]
 [1.00967454]
 [0.80608201]]","[[ 0.25932396]
 [ 1.28741564]
 [ 1.73418957]
 [10.72596158]
 [ 3.16987074]
 [ 1.30638061]
 [ 2.21984679]
 [ 1.21045731]
 [ 4.08642553]
 [ 0.60978339]]",35,run,myopic
[0. 0. 1. ... 1. 0. 2.],1.3164846054967942,-3.0,0.026662393375744834,0.026904793646837784,0.01884233081408471,0.018407248662275062,0.02666740633996596,0.027226247281935703,0.018190645276521422,0.01882460438326879,"[[0.95843094]
 [0.        ]
 [0.        ]
 [0.        ]
 [0.86778423]
 [0.        ]
 [0.        ]
 [0.        ]
 [0.        ]
 [0.79227371]]","[[0.7928353 ]
 [0.86502281]
 [0.87701948]
 [0.        ]
 [0.93990409]
 [0.8539997 ]
 [0.936021  ]
 [0.83053445]
 [1.01417059]
 [0.80450277]]","[[ 0.26006193]
 [ 1.29633825]
 [ 1.74342568]
 [10.68431775]
 [ 3.20351089]
 [ 1.31371234]
 [ 2.23995544]
 [ 1.21747753]
 [ 4.12651023]
 [ 0.61296641]]",36,run,myopic
[1. 0. 0. ... 1. 0. 2.],1.3187004982655772,1.5,0.02680120023838462,0.027063212382001413,0.018294868333521012,0.01874023970719371,0.02680531912628606,0.02741268461836907,0.01848624595526539,0.019049020274847412,"[[0.94804963]
 [0.        ]
 [0.        ]
 [0.        ]
 [0.86524804]
 [0.        ]
 [0.        ]
 [0.        ]
 [0.        ]
 [0.7916258 ]]","[[0.79098226]
 [0.86797038]
 [0.87258526]
 [0.        ]
 [0.95254048]
 [0.85096911]
 [0.93567733]
 [0.82884971]
 [1.02275322]
 [0.80403535]]","[[ 0.26092741]
 [ 1.30597989]
 [ 1.75758614]
 [10.82307792]
 [ 3.21206785]
 [ 1.32191141]
 [ 2.25046911]
 [ 1.2282522 ]
 [ 4.17802765]
 [ 0.61653033]]",37,run,myopic
[0. 0. 0. ... 1. 0. 2.],1.3207417483220338,1.0,0.02689993319240528,0.027134145848034568,0.017957342796368066,0.01834183945976877,0.026872556671237467,0.027494590865246627,0.018306113108761117,0.018324435646984792,"[[0.94528526]
 [0.        ]
 [0.        ]
 [0.        ]
 [0.86450784]
 [0.        ]
 [0.        ]
 [0.        ]
 [0.        ]
 [0.7906199 ]]","[[0.7894885 ]
 [0.86473389]
 [0.86972732]
 [0.        ]
 [0.95291184]
 [0.84792701]
 [0.93829722]
 [0.8251701 ]
 [1.02101074]
 [0.80315838]]","[[ 0.26171039]
 [ 1.31582637]
 [ 1.76704519]
 [10.81187046]
 [ 3.20426441]
 [ 1.33036465]
 [ 2.26612928]
 [ 1.23427826]
 [ 4.17910179]
 [ 0.61921015]]",38,run,myopic
[0. 0. 0. ... 1. 0. 1.],1.3230755892250732,-3.5,0.02696268550509304,0.0272585555488907,0.017271393685646643,0.01827926931134256,0.026989525397950798,0.027618858333590145,0.01804735804698684,0.018447560504814182,"[[0.9494889 ]
 [0.        ]
 [0.        ]
 [0.        ]
 [0.87116007]
 [0.        ]
 [0.        ]
 [0.        ]
 [0.        ]
 [0.78802304]]","[[0.78764043]
 [0.86546899]
 [0.86315211]
 [0.        ]
 [0.94947979]
 [0.84552252]
 [0.93441917]
 [0.81668779]
 [1.02899518]
 [0.79941889]]","[[ 0.2625868 ]
 [ 1.31582131]
 [ 1.7789184 ]
 [10.84836718]
 [ 3.21923114]
 [ 1.33192997]
 [ 2.26872041]
 [ 1.24048237]
 [ 4.18596201]
 [ 0.62237682]]",39,run,myopic
[2. 0. 1. ... 0. 1. 2.],1.3247234177801788,-0.5,0.027114211303344328,0.027372589057506495,0.018851952577769945,0.01840042850219876,0.02710433195833776,0.02773878261635141,0.018118795882477536,0.01892150161376905,"[[0.94586036]
 [0.        ]
 [0.        ]
 [0.        ]
 [0.87847061]
 [0.        ]
 [0.        ]
 [0.        ]
 [0.        ]
 [0.78775116]]","[[0.78804112]
 [0.86794439]
 [0.86328194]
 [0.        ]
 [0.94995261]
 [0.84274967]
 [0.93017013]
 [0.81649302]
 [1.02251399]
 [0.79777129]]","[[ 0.26328501]
 [ 1.31969187]
 [ 1.78705891]
 [10.96682196]
 [ 3.21350965]
 [ 1.33664811]
 [ 2.27425181]
 [ 1.24647617]
 [ 4.18223814]
 [ 0.62529601]]",40,run,myopic
[0. 0. 2. ... 1. 0. 3.],1.3264266503821738,0.0,0.027284067025318146,0.027429855967176547,0.019254263865707628,0.018321409915784733,0.027174205405075785,0.027797826955354123,0.01826935183742411,0.01857827935413774,"[[0.94844172]
 [0.        ]
 [0.        ]
 [0.        ]
 [0.87542059]
 [0.        ]
 [0.        ]
 [0.        ]
 [0.        ]
 [0.7871631 ]]","[[0.78670336]
 [0.86569204]
 [0.85544006]
 [0.        ]
 [0.94387113]
 [0.84110131]
 [0.93106162]
 [0.82017535]
 [1.02046789]
 [0.79830415]]","[[ 0.26384908]
 [ 1.32908921]
 [ 1.79319533]
 [10.9338654 ]
 [ 3.2314295 ]
 [ 1.33993884]
 [ 2.28443496]
 [ 1.25287278]
 [ 4.20900547]
 [ 0.62659045]]",41,run,myopic
[0. 0. 1. ... 1. 0. 3.],1.3282289115377997,2.0,0.027315057761069725,0.02749710034266611,0.01792858826738902,0.018150814174063043,0.027237301005802295,0.02786463741326366,0.017951689920789684,0.018416882746425323,"[[0.94366529]
 [0.        ]
 [0.        ]
 [0.        ]
 [0.87458617]
 [0.        ]
 [0.        ]
 [0.        ]
 [0.        ]
 [0.78582349]]","[[0.78608128]
 [0.8628319 ]
 [0.85104831]
 [0.        ]
 [0.95448651]
 [0.8399391 ]
 [0.92330292]
 [0.81671763]
 [1.02894542]
 [0.79564995]]","[[ 0.26461346]
 [ 1.33671527]
 [ 1.79951128]
 [10.93489889]
 [ 3.21117057]
 [ 1.34977851]
 [ 2.2905335 ]
 [ 1.25942091]
 [ 4.19878282]
 [ 0.6270573 ]]",42,run,myopic
[2. 0. 0. ... 2. 0. 0.],1.3301163884780458,-1.0,0.027406662237013445,0.02756769917074548,0.018166177022018858,0.018187079882899228,0.02730231326482705,0.02794784995306293,0.018064095274748844,0.01837340362164548,"[[0.95352835]
 [0.        ]
 [0.        ]
 [0.        ]
 [0.86646484]
 [0.        ]
 [0.        ]
 [0.        ]
 [0.        ]
 [0.78426594]]","[[0.7840534 ]
 [0.86302597]
 [0.85296884]
 [0.        ]
 [0.96475706]
 [0.83368371]
 [0.91152387]
 [0.81808165]
 [1.02722275]
 [0.7932366 ]]","[[ 0.2653119 ]
 [ 1.34856894]
 [ 1.81037686]
 [11.00834532]
 [ 3.22881223]
 [ 1.36077943]
 [ 2.29861343]
 [ 1.2635924 ]
 [ 4.24246031]
 [ 0.63171103]]",43,run,myopic
[1. 0. 3. ... 0. 0. 3.],1.3314604304835753,1.5,0.027459341032744857,0.027619374034003715,0.018257231477355692,0.01850898672480127,0.027354981757784384,0.02799817729230993,0.018214793331692933,0.018916559231104114,"[[0.96138381]
 [0.        ]
 [0.        ]
 [0.        ]
 [0.85194745]
 [0.        ]
 [0.        ]
 [0.        ]
 [0.        ]
 [0.78402069]]","[[0.78463303]
 [0.85975068]
 [0.84664988]
 [0.        ]
 [0.96906222]
 [0.83646614]
 [0.90733237]
 [0.81241277]
 [1.01301836]
 [0.79192091]]","[[ 0.26591662]
 [ 1.35940777]
 [ 1.81157046]
 [11.04187528]
 [ 3.24519407]
 [ 1.36741691]
 [ 2.30940855]
 [ 1.2712283 ]
 [ 4.25172153]
 [ 0.63363665]]",44,run,myopic
[3. 0. 1. ... 1. 0. 5.],1.3328573794875849,1.5,0.027494737963611838,0.027699010447818598,0.01880737071288423,0.018413413375326704,0.02744694850730499,0.02805037476016113,0.01862238076316106,0.018164576754748613,"[[0.96340945]
 [0.        ]
 [0.        ]
 [0.        ]
 [0.84610981]
 [0.        ]
 [0.        ]
 [0.        ]
 [0.        ]
 [0.78278693]]","[[0.7831504 ]
 [0.86207724]
 [0.8369921 ]
 [0.        ]
 [0.96126629]
 [0.83379601]
 [0.91422675]
 [0.81088411]
 [1.01078702]
 [0.79150819]]","[[ 0.2667501 ]
 [ 1.36162967]
 [ 1.81891303]
 [11.02016133]
 [ 3.24332385]
 [ 1.36779664]
 [ 2.31457614]
 [ 1.27470468]
 [ 4.26831985]
 [ 0.63632829]]",45,run,myopic
[1. 0. 2. ... 1. 0. 1.],1.3340660181030122,-2.5,0.02750309437713702,0.027739211027015594,0.01849427900885334,0.01808392649568113,0.02747100382824793,0.028109535178732867,0.018008334224738982,0.018278443431751144,"[[0.96821712]
 [0.        ]
 [0.        ]
 [0.        ]
 [0.83975013]
 [0.        ]
 [0.        ]
 [0.        ]
 [0.        ]
 [0.78258362]]","[[0.78344295]
 [0.85939289]
 [0.83469187]
 [0.        ]
 [0.95501972]
 [0.83424727]
 [0.91127025]
 [0.8106604 ]
 [1.00879685]
 [0.7898025 ]]","[[ 0.26740295]
 [ 1.36333539]
 [ 1.82565105]
 [11.06528692]
 [ 3.2640946 ]
 [ 1.36802213]
 [ 2.33200702]
 [ 1.28072882]
 [ 4.24604616]
 [ 0.63825956]]",46,run,myopic
[0. 0. 1. ... 0. 0. 3.],1.3351301101497373,0.5,0.02751267079648039,0.027800777999020185,0.018333002343102738,0.018444638635601144,0.027527967285748103,0.028168397187962914,0.018370507272262995,0.018538228967847722,"[[0.96565104]
 [0.        ]
 [0.        ]
 [0.        ]
 [0.83750747]
 [0.        ]
 [0.        ]
 [0.        ]
 [0.        ]
 [0.78262338]]","[[0.78359248]
 [0.85480684]
 [0.84127441]
 [0.        ]
 [0.94379211]
 [0.83124267]
 [0.91310046]
 [0.80906532]
 [0.99825913]
 [0.79041027]]","[[ 0.26790443]
 [ 1.3613172 ]
 [ 1.83163678]
 [11.06579693]
 [ 3.28718297]
 [ 1.37497968]
 [ 2.33318939]
 [ 1.28521777]
 [ 4.25844819]
 [ 0.64062901]]",47,run,myopic
[0. 0. 1. ... 2. 0. 2.],1.3362683773439576,2.0,0.027663509911889896,0.02783589193598028,0.018756869513885225,0.018287045279472794,0.027567492275786736,0.02821856097772217,0.01823139161018496,0.01846195569376296,"[[0.96168134]
 [0.        ]
 [0.        ]
 [0.        ]
 [0.83508433]
 [0.        ]
 [0.        ]
 [0.        ]
 [0.        ]
 [0.78157039]]","[[0.78325241]
 [0.85025615]
 [0.83771711]
 [0.        ]
 [0.94671847]
 [0.8239062 ]
 [0.90928491]
 [0.80353991]
 [0.98113763]
 [0.7907232 ]]","[[ 0.26819064]
 [ 1.35713678]
 [ 1.84131438]
 [11.12420768]
 [ 3.28421005]
 [ 1.37429149]
 [ 2.33991535]
 [ 1.28685525]
 [ 4.28315041]
 [ 0.64244842]]",48,run,myopic
[0. 0. 0. ... 2. 0. 1.],1.3374667231646844,-2.5,0.02769133465822176,0.027872366235406766,0.017124989100988718,0.018423386092226324,0.027595169542447957,0.028267010607212005,0.018007058524776708,0.018822081339310955,"[[0.95653513]
 [0.        ]
 [0.        ]
 [0.        ]
 [0.8419073 ]
 [0.        ]
 [0.        ]
 [0.        ]
 [0.        ]
 [0.78018595]]","[[0.78224381]
 [0.85204369]
 [0.83495628]
 [0.        ]
 [0.93436098]
 [0.81906691]
 [0.91005441]
 [0.80205433]
 [0.96576936]
 [0.79027625]]","[[ 0.2687643 ]
 [ 1.36176727]
 [ 1.84663201]
 [10.96408086]
 [ 3.30702916]
 [ 1.37418597]
 [ 2.34686096]
 [ 1.28779293]
 [ 4.29898894]
 [ 0.64352416]]",49,run,myopic
[0. 0. 2. ... 0. 0. 2.],1.3391851056476543,-1.5,0.02770891799340421,0.027897426425060014,0.01765384498629972,0.01833282555146611,0.027612626249833225,0.028302421197001233,0.018070754364698065,0.018609946237253764,"[[0.95556242]
 [0.        ]
 [0.        ]
 [0.        ]
 [0.83880077]
 [0.        ]
 [0.        ]
 [0.        ]
 [0.        ]
 [0.77773793]]","[[0.77968435]
 [0.84696771]
 [0.8363586 ]
 [0.        ]
 [0.9412743 ]
 [0.81632771]
 [0.91505091]
 [0.80152983]
 [0.96790736]
 [0.78634992]]","[[ 0.26908481]
 [ 1.35898661]
 [ 1.84215266]
 [11.04269476]
 [ 3.30468036]
 [ 1.37091449]
 [ 2.35825119]
 [ 1.29117821]
 [ 4.30897807]
 [ 0.64594307]]",50,run,myopic
[2. 0. 0. ... 1. 0. 1.],1.3402773975409559,2.0,0.027717567946323303,0.027934862627915467,0.017508563706295645,0.018193554917002534,0.027638108414427716,0.028352910829249536,0.018093251396695036,0.018219261726014572,"[[0.96271116]
 [0.        ]
 [0.        ]
 [0.        ]
 [0.84236605]
 [0.        ]
 [0.        ]
 [0.        ]
 [0.        ]
 [0.77660968]]","[[0.778495  ]
 [0.84813265]
 [0.83616565]
 [0.        ]
 [0.94620875]
 [0.81928936]
 [0.91756208]
 [0.79697896]
 [0.96341613]
 [0.78502942]]","[[ 0.26938502]
 [ 1.36446028]
 [ 1.84820022]
 [11.08913864]
 [ 3.31617293]
 [ 1.3730959 ]
 [ 2.35733818]
 [ 1.29587091]
 [ 4.30031331]
 [ 0.64688436]]",51,run,myopic
[1. 0. 1. ... 1. 2. 2.],1.3412950425794141,0.5,0.027718131238495685,0.02796657717321859,0.017709018521359803,0.01816406606711107,0.027668350554308805,0.028381015183936913,0.017883592347156526,0.018511985946139294,"[[0.96009942]
 [0.        ]
 [0.        ]
 [0.        ]
 [0.83474638]
 [0.        ]
 [0.        ]
 [0.        ]
 [0.        ]
 [0.77614401]]","[[0.77730326]
 [0.84391053]
 [0.83889013]
 [0.        ]
 [0.9446268 ]
 [0.81848011]
 [0.91268923]
 [0.79608693]
 [0.97912367]
 [0.78462155]]","[[ 0.26974535]
 [ 1.36238167]
 [ 1.85030849]
 [11.16481542]
 [ 3.33645515]
 [ 1.38011626]
 [ 2.36964995]
 [ 1.29504622]
 [ 4.30616037]
 [ 0.64839101]]",52,run,myopic
[0. 0. 0. ... 1. 0. 2.],1.3426866229970897,-0.5,0.027736933473345618,0.02800449377562824,0.0182169143108287,0.018465223647666115,0.027690838540422442,0.02843918906556547,0.01811801860569935,0.018955464111981714,"[[0.95870195]
 [0.        ]
 [0.        ]
 [0.        ]
 [0.83508954]
 [0.        ]
 [0.        ]
 [0.        ]
 [0.        ]
 [0.77469223]]","[[0.77595366]
 [0.83876654]
 [0.83944475]
 [0.        ]
 [0.93588452]
 [0.82608295]
 [0.90310813]
 [0.79372932]
 [0.96784096]
 [0.78383823]]","[[ 0.26992379]
 [ 1.36988985]
 [ 1.84876756]
 [11.24250819]
 [ 3.36195394]
 [ 1.38379507]
 [ 2.36475559]
 [ 1.30164501]
 [ 4.30980198]
 [ 0.6499313 ]]",53,run,myopic
[0. 0. 3. ... 2. 1. 4.],1.3435901451612517,2.0,0.02773936169874883,0.028043695749800163,0.017585918874022114,0.018420848507167804,0.027729076161907243,0.028472932054162584,0.018117444064862133,0.018732440151179242,"[[0.95717182]
 [0.        ]
 [0.        ]
 [0.        ]
 [0.8338873 ]
 [0.        ]
 [0.        ]
 [0.        ]
 [0.        ]
 [0.77380501]]","[[0.7759459 ]
 [0.83414387]
 [0.84263456]
 [0.        ]
 [0.93636156]
 [0.82415333]
 [0.90196285]
 [0.78702646]
 [0.96365889]
 [0.78075538]]","[[ 0.27021393]
 [ 1.37373328]
 [ 1.85407279]
 [11.31496911]
 [ 3.37966539]
 [ 1.38826504]
 [ 2.3715211 ]
 [ 1.30295621]
 [ 4.30526525]
 [ 0.6502858 ]]",54,run,myopic
[0. 0. 2. ... 0. 0. 5.],1.3441676197457049,-2.5,0.02780861255878562,0.02807544478030021,0.018151278476158612,0.018360728294344465,0.02776628492175392,0.028503322700728157,0.018257700648148266,0.018480536592577153,"[[0.96432283]
 [0.        ]
 [0.        ]
 [0.        ]
 [0.8295266 ]
 [0.        ]
 [0.        ]
 [0.        ]
 [0.        ]
 [0.7735229 ]]","[[0.77541723]
 [0.83877148]
 [0.84460937]
 [0.        ]
 [0.91891048]
 [0.82835952]
 [0.89798429]
 [0.78435915]
 [0.95619124]
 [0.78079059]]","[[ 0.27063058]
 [ 1.37829887]
 [ 1.85596657]
 [11.30704555]
 [ 3.38485243]
 [ 1.38733092]
 [ 2.37767115]
 [ 1.30574384]
 [ 4.31608547]
 [ 0.65090959]]",55,run,myopic
[0. 0. 2. ... 1. 1. 2.],1.344972261226808,1.5,0.02784825048710678,0.0281152091547407,0.017791413218908623,0.018601218096286738,0.027803279326308595,0.028547348714368155,0.0182987484961865,0.018916112489117363,"[[0.97145046]
 [0.        ]
 [0.        ]
 [0.        ]
 [0.82762001]
 [0.        ]
 [0.        ]
 [0.        ]
 [0.        ]
 [0.77312277]]","[[0.77362257]
 [0.84127058]
 [0.84258016]
 [0.        ]
 [0.92290025]
 [0.8308354 ]
 [0.91096775]
 [0.78348579]
 [0.95652645]
 [0.78278498]]","[[ 0.27103796]
 [ 1.37842887]
 [ 1.86274366]
 [11.36179322]
 [ 3.38625229]
 [ 1.38471805]
 [ 2.38696037]
 [ 1.30634261]
 [ 4.32032715]
 [ 0.65234987]]",56,run,myopic
[1. 0. 3. ... 1. 0. 1.],1.3455044076192146,-1.0,0.02784100952168785,0.028124541260624573,0.018466392598796254,0.018295850478597466,0.027815412829825203,0.028549214013559445,0.018133953047621106,0.018578564873686965,"[[0.9707917 ]
 [0.        ]
 [0.        ]
 [0.        ]
 [0.83009546]
 [0.        ]
 [0.        ]
 [0.        ]
 [0.        ]
 [0.77300433]]","[[0.77430507]
 [0.83672874]
 [0.83631554]
 [0.        ]
 [0.92286552]
 [0.83619875]
 [0.90235196]
 [0.78118335]
 [0.94690511]
 [0.78367407]]","[[ 0.2712135 ]
 [ 1.38020558]
 [ 1.86462024]
 [11.31901562]
 [ 3.39025486]
 [ 1.38364788]
 [ 2.3969626 ]
 [ 1.3064801 ]
 [ 4.31517562]
 [ 0.65283596]]",57,run,myopic
[1. 0. 3. ... 2. 0. 2.],1.3463993993638785,-0.5,0.027852751620130057,0.028141022739556563,0.017436045397745837,0.018426366284866543,0.027831041115490476,0.02856611966652635,0.01806706109042473,0.018795072328357643,"[[0.9696778 ]
 [0.        ]
 [0.        ]
 [0.        ]
 [0.83350032]
 [0.        ]
 [0.        ]
 [0.        ]
 [0.        ]
 [0.77108696]]","[[0.7719237 ]
 [0.83776212]
 [0.83011815]
 [0.        ]
 [0.92988353]
 [0.83376981]
 [0.90092944]
 [0.78637853]
 [0.93456684]
 [0.78159916]]","[[ 0.27163961]
 [ 1.38396565]
 [ 1.86973621]
 [11.27421612]
 [ 3.38310454]
 [ 1.38933002]
 [ 2.39417096]
 [ 1.30622675]
 [ 4.34863886]
 [ 0.65191794]]",58,run,myopic
[0. 0. 0. ... 2. 0. 2.],1.3467165110743033,0.0,0.0278599869291556,0.02816232459713808,0.018381098000826566,0.018340062194696874,0.027844866268201575,0.028596330196893123,0.018211553502337465,0.018546640135083205,"[[0.9597635 ]
 [0.        ]
 [0.        ]
 [0.        ]
 [0.83511164]
 [0.        ]
 [0.        ]
 [0.        ]
 [0.        ]
 [0.77133181]]","[[0.77285149]
 [0.8393035 ]
 [0.82782263]
 [0.        ]
 [0.92291161]
 [0.83555035]
 [0.90199794]
 [0.78590512]
 [0.93303707]
 [0.77972715]]","[[ 0.27186696]
 [ 1.38883324]
 [ 1.87149424]
 [11.28891192]
 [ 3.40928931]
 [ 1.39596359]
 [ 2.39452754]
 [ 1.30695135]
 [ 4.35749908]
 [ 0.65312767]]",59,run,myopic
[1. 0. 0. ... 0. 0. 3.],1.3471945966982075,0.0,0.027828988171332128,0.028156436437513668,0.018108459084503762,0.01859430505936213,0.02783741557822708,0.02858811308795543,0.0183916698514825,0.018815976092463053,"[[0.96191973]
 [0.        ]
 [0.        ]
 [0.        ]
 [0.82814528]
 [0.        ]
 [0.        ]
 [0.        ]
 [0.        ]
 [0.77124746]]","[[0.77340271]
 [0.83340801]
 [0.82684343]
 [0.        ]
 [0.91935533]
 [0.83644981]
 [0.89558045]
 [0.78425913]
 [0.93848567]
 [0.77990767]]","[[ 0.27195063]
 [ 1.39345506]
 [ 1.87112804]
 [11.34417975]
 [ 3.42493313]
 [ 1.39623439]
 [ 2.39070744]
 [ 1.30728991]
 [ 4.36239135]
 [ 0.65348127]]",60,run,myopic
[0. 0. 3. ... 1. 0. 4.],1.3476475100854715,1.0,0.027826616935213475,0.028165742581115445,0.017463412805900344,0.018451125282836434,0.027842122319224148,0.0286023279066362,0.018176844587703876,0.018688779292903423,"[[0.96076691]
 [0.        ]
 [0.        ]
 [0.        ]
 [0.83064206]
 [0.        ]
 [0.        ]
 [0.        ]
 [0.        ]
 [0.771297  ]]","[[0.77283435]
 [0.83490013]
 [0.8302807 ]
 [0.        ]
 [0.93414815]
 [0.8315013 ]
 [0.89934014]
 [0.78493513]
 [0.94760592]
 [0.78027078]]","[[ 0.27213183]
 [ 1.38940794]
 [ 1.87034663]
 [11.19358217]
 [ 3.43483396]
 [ 1.39924509]
 [ 2.40577233]
 [ 1.31195114]
 [ 4.35157639]
 [ 0.65222383]]",61,run,myopic
[1. 0. 1. ... 0. 0. 4.],1.3477366255625702,1.0,0.027833364890602903,0.028170071749924887,0.019116198148644802,0.018104625839073216,0.02784612900445785,0.028607613202972126,0.018069086670285714,0.018350817510279303,"[[0.95042829]
 [0.        ]
 [0.        ]
 [0.        ]
 [0.84189749]
 [0.        ]
 [0.        ]
 [0.        ]
 [0.        ]
 [0.7726973 ]]","[[0.77341201]
 [0.83071594]
 [0.83328923]
 [0.        ]
 [0.94741548]
 [0.82989618]
 [0.90471653]
 [0.7913765 ]
 [0.95900705]
 [0.78285555]]","[[ 0.27225853]
 [ 1.39460888]
 [ 1.87095903]
 [11.23427795]
 [ 3.457128  ]
 [ 1.40363166]
 [ 2.40973673]
 [ 1.31796307]
 [ 4.34933955]
 [ 0.65252971]]",62,run,myopic
[0. 0. 2. ... 0. 1. 1.],1.34855602450934,-0.5,0.027855045486213682,0.028168348295843526,0.01847116818472474,0.01802105337409658,0.027843846797873318,0.028611178054580834,0.017860559372615673,0.01835444131765557,"[[0.94992293]
 [0.        ]
 [0.        ]
 [0.        ]
 [0.84350636]
 [0.        ]
 [0.        ]
 [0.        ]
 [0.        ]
 [0.77090656]]","[[0.77013864]
 [0.83039857]
 [0.83809001]
 [0.        ]
 [0.94871807]
 [0.83159693]
 [0.9042057 ]
 [0.79570995]
 [0.95547347]
 [0.78096877]]","[[ 0.27237848]
 [ 1.39313404]
 [ 1.87402826]
 [11.28428504]
 [ 3.46516192]
 [ 1.40465248]
 [ 2.40789069]
 [ 1.31769231]
 [ 4.36839938]
 [ 0.65434916]]",63,run,myopic
[0. 0. 1. ... 0. 1. 2.],1.3491310137695671,-1.0,0.027861327967579883,0.028173644142342514,0.017713460129377506,0.01847171858133956,0.0278492004173147,0.02861657101187272,0.018197805120761426,0.018752175847215436,"[[0.96432553]
 [0.        ]
 [0.        ]
 [0.        ]
 [0.84125051]
 [0.        ]
 [0.        ]
 [0.        ]
 [0.        ]
 [0.77019607]]","[[0.76973696]
 [0.82549633]
 [0.83220385]
 [0.        ]
 [0.94760914]
 [0.83634003]
 [0.89109619]
 [0.79523566]
 [0.95937544]
 [0.78262936]]","[[ 0.27255559]
 [ 1.39520914]
 [ 1.87331551]
 [11.34115831]
 [ 3.43857739]
 [ 1.40074687]
 [ 2.39371207]
 [ 1.31740922]
 [ 4.39128734]
 [ 0.65490361]]",64,run,myopic
[2. 0. 3. ... 1. 0. 5.],1.349872855693857,0.0,0.027846374353221216,0.028176924138332518,0.017509263115908984,0.018229334307399557,0.027848503452013625,0.028622557417801002,0.018064059880135073,0.01834892959176162,"[[0.95734289]
 [0.        ]
 [0.        ]
 [0.        ]
 [0.8440751 ]
 [0.        ]
 [0.        ]
 [0.        ]
 [0.        ]
 [0.76939353]]","[[0.77032617]
 [0.8246454 ]
 [0.83159895]
 [0.        ]
 [0.94031863]
 [0.83290925]
 [0.87706337]
 [0.78810815]
 [0.96899559]
 [0.78145153]]","[[ 0.27273749]
 [ 1.39345386]
 [ 1.8767531 ]
 [11.40491643]
 [ 3.42122562]
 [ 1.41053473]
 [ 2.39284306]
 [ 1.31844618]
 [ 4.38620875]
 [ 0.65649435]]",65,run,myopic
[0. 0. 0. ... 2. 0. 1.],1.3502552094818918,-0.5,0.02783087621263598,0.028172386667765368,0.017853420729526292,0.01841195374869536,0.0278428294169252,0.028617706588471823,0.018319503981304674,0.018449412815976812,"[[0.95983623]
 [0.        ]
 [0.        ]
 [0.        ]
 [0.84678399]
 [0.        ]
 [0.        ]
 [0.        ]
 [0.        ]
 [0.76900716]]","[[0.77057964]
 [0.83060141]
 [0.83077457]
 [0.        ]
 [0.94699552]
 [0.83121005]
 [0.87272433]
 [0.7897654 ]
 [0.95868141]
 [0.77895529]]","[[ 0.27298725]
 [ 1.39379521]
 [ 1.87509194]
 [11.4092208 ]
 [ 3.43203973]
 [ 1.41562088]
 [ 2.38320159]
 [ 1.31857602]
 [ 4.3879487 ]
 [ 0.65610784]]",66,run,myopic
[0. 0. 2. ... 1. 0. 1.],1.3507827164437973,1.0,0.027835438539991816,0.028194181554422285,0.018037220260010242,0.018473403607447668,0.027852472398162232,0.028655044912985726,0.018094853789217564,0.018976626966771173,"[[0.94941748]
 [0.        ]
 [0.        ]
 [0.        ]
 [0.8453364 ]
 [0.        ]
 [0.        ]
 [0.        ]
 [0.        ]
 [0.76829813]]","[[0.76953786]
 [0.82686982]
 [0.83825496]
 [0.        ]
 [0.95966906]
 [0.82621098]
 [0.8754373 ]
 [0.78518229]
 [0.96268357]
 [0.77753897]]","[[ 0.27312033]
 [ 1.39556027]
 [ 1.88120629]
 [11.46089525]
 [ 3.4410969 ]
 [ 1.41522897]
 [ 2.38379936]
 [ 1.32136048]
 [ 4.37592176]
 [ 0.65740457]]",67,run,myopic
[0. 0. 0. ... 0. 0. 5.],1.3513916537508597,-1.5,0.027836493568313546,0.028208161934348306,0.01812684902993735,0.01882472700957473,0.027870244767891784,0.02866071539058673,0.018652642887794762,0.018959052829336964,"[[0.94113254]
 [0.        ]
 [0.        ]
 [0.        ]
 [0.8427586 ]
 [0.        ]
 [0.        ]
 [0.        ]
 [0.        ]
 [0.76706602]]","[[0.76810471]
 [0.82504333]
 [0.83507193]
 [0.        ]
 [0.96415718]
 [0.82359401]
 [0.88486797]
 [0.78775946]
 [0.96870391]
 [0.77427517]]","[[ 0.2731331 ]
 [ 1.39247682]
 [ 1.87906363]
 [11.42001421]
 [ 3.45330743]
 [ 1.41009017]
 [ 2.38281505]
 [ 1.31899968]
 [ 4.38966256]
 [ 0.65737749]]",68,run,myopic
[0. 0. 0. ... 1. 0. 2.],1.3522559725410528,1.0,0.027831998725821375,0.028211586240155153,0.018298538506469484,0.018104868387256664,0.027870602994244868,0.028667386482230838,0.0178551332284678,0.018527851981459013,"[[0.93896968]
 [0.        ]
 [0.        ]
 [0.        ]
 [0.83936967]
 [0.        ]
 [0.        ]
 [0.        ]
 [0.        ]
 [0.76566971]]","[[0.76644473]
 [0.82173286]
 [0.83266825]
 [0.        ]
 [0.95660869]
 [0.81981489]
 [0.87983594]
 [0.79122735]
 [0.97539093]
 [0.77298205]]","[[ 0.27353263]
 [ 1.39255593]
 [ 1.88538134]
 [11.46718064]
 [ 3.44874809]
 [ 1.41177855]
 [ 2.3854764 ]
 [ 1.32271656]
 [ 4.40473367]
 [ 0.65772913]]",69,run,myopic
[0. 0. 0. ... 1. 0. 2.],1.3526192365313023,-0.5,0.027827690662211073,0.028208679879821025,0.017672749116646735,0.018217473802185285,0.027867732765819744,0.02866415927058256,0.01797723625266888,0.018486191783052112,"[[0.9396483 ]
 [0.        ]
 [0.        ]
 [0.        ]
 [0.83580091]
 [0.        ]
 [0.        ]
 [0.        ]
 [0.        ]
 [0.76537603]]","[[0.76519425]
 [0.82570561]
 [0.83025125]
 [0.        ]
 [0.94874918]
 [0.81935095]
 [0.87711378]
 [0.79592747]
 [0.97230266]
 [0.7744097 ]]","[[ 0.27362887]
 [ 1.38828595]
 [ 1.8898738 ]
 [11.51782031]
 [ 3.42941296]
 [ 1.41198578]
 [ 2.39682227]
 [ 1.32450734]
 [ 4.4081784 ]
 [ 0.65730501]]",70,run,myopic
[1. 0. 0. ... 1. 0. 3.],1.3531094605831637,-2.0,0.02781953338015747,0.02821099198233511,0.017172818992808155,0.01813399338081666,0.027864916923960755,0.028672426113324465,0.017918510544893844,0.01828569491517608,"[[0.94811246]
 [0.        ]
 [0.        ]
 [0.        ]
 [0.83975764]
 [0.        ]
 [0.        ]
 [0.        ]
 [0.        ]
 [0.76476284]]","[[0.76454286]
 [0.82384307]
 [0.8339251 ]
 [0.        ]
 [0.94103993]
 [0.82335757]
 [0.87474809]
 [0.7959178 ]
 [0.98136575]
 [0.77358754]]","[[ 0.27372165]
 [ 1.38924729]
 [ 1.89238606]
 [11.35536952]
 [ 3.4297251 ]
 [ 1.41223524]
 [ 2.40051127]
 [ 1.32772853]
 [ 4.40067912]
 [ 0.65849306]]",71,run,myopic
[0. 0. 1. ... 1. 0. 1.],1.3536585536500272,0.5,0.027818739783010832,0.028223057131171476,0.01782618653405836,0.01873386229614949,0.027869743540207655,0.028693259747272517,0.018524491053984737,0.018886220634866082,"[[0.9402694 ]
 [0.        ]
 [0.        ]
 [0.        ]
 [0.83236528]
 [0.        ]
 [0.        ]
 [0.        ]
 [0.        ]
 [0.76349296]]","[[0.76393904]
 [0.82340611]
 [0.82851803]
 [0.        ]
 [0.94872825]
 [0.82132672]
 [0.86816933]
 [0.79309751]
 [0.98264625]
 [0.77113471]]","[[ 0.27363753]
 [ 1.38951938]
 [ 1.89106208]
 [11.21687873]
 [ 3.42146972]
 [ 1.413836  ]
 [ 2.37927492]
 [ 1.33225434]
 [ 4.41524292]
 [ 0.65936092]]",72,run,myopic
[0. 0. 1. ... 2. 0. 6.],1.3536939652028492,0.5,0.027824573652438952,0.028238476171179687,0.018410873330078258,0.018483379886722096,0.027876703900633487,0.028719953786021657,0.018389335463937655,0.018615174879502278,"[[0.93283718]
 [0.        ]
 [0.        ]
 [0.        ]
 [0.83004753]
 [0.        ]
 [0.        ]
 [0.        ]
 [0.        ]
 [0.76420861]]","[[0.76436491]
 [0.82333032]
 [0.82888092]
 [0.        ]
 [0.95751047]
 [0.81685972]
 [0.86176725]
 [0.79349145]
 [0.99285782]
 [0.77369503]]","[[ 0.27365827]
 [ 1.38871716]
 [ 1.89435129]
 [11.20913816]
 [ 3.43121136]
 [ 1.41476674]
 [ 2.39036195]
 [ 1.33577239]
 [ 4.40342583]
 [ 0.65954231]]",73,run,myopic
[1. 0. 0. ... 0. 0. 3.],1.3540853358085723,1.0,0.027820742565112706,0.028240925946044524,0.01846866484136727,0.01838207679429761,0.02787772304119778,0.028723429747874632,0.018232736990823565,0.018629493735091655,"[[0.92972469]
 [0.        ]
 [0.        ]
 [0.        ]
 [0.83573775]
 [0.        ]
 [0.        ]
 [0.        ]
 [0.        ]
 [0.76305436]]","[[0.76277867]
 [0.82449917]
 [0.83026987]
 [0.        ]
 [0.95269373]
 [0.81621077]
 [0.86179472]
 [0.78824164]
 [0.9951077 ]
 [0.77552899]]","[[ 0.27369043]
 [ 1.39359406]
 [ 1.90040112]
 [11.27586827]
 [ 3.45581548]
 [ 1.41196474]
 [ 2.39369892]
 [ 1.33780257]
 [ 4.42260133]
 [ 0.65901852]]",74,run,myopic
[0. 0. 1. ... 1. 0. 0.],1.3542032571769185,3.0,0.027811101557718817,0.028235689272522468,0.018482739481384073,0.018573645491500146,0.027873693699049337,0.028715492652255682,0.01839875572415232,0.018827041942476856,"[[0.92425097]
 [0.        ]
 [0.        ]
 [0.        ]
 [0.83356145]
 [0.        ]
 [0.        ]
 [0.        ]
 [0.        ]
 [0.76291343]]","[[0.76364722]
 [0.81705074]
 [0.82914891]
 [0.        ]
 [0.9451618 ]
 [0.81499708]
 [0.8632392 ]
 [0.7880398 ]
 [0.99316513]
 [0.77300209]]","[[ 0.27372813]
 [ 1.39690822]
 [ 1.90460017]
 [11.34456416]
 [ 3.40127525]
 [ 1.41279126]
 [ 2.39918286]
 [ 1.3368037 ]
 [ 4.43599258]
 [ 0.65920324]]",75,run,myopic
[0. 0. 2. ... 0. 0. 3.],1.3542358457768642,-3.5,0.027815451271478046,0.028244613440013118,0.01722489074399354,0.018600959635676314,0.027879550725423582,0.02872829746259514,0.018192142480064562,0.018973353650665464,"[[0.93353297]
 [0.        ]
 [0.        ]
 [0.        ]
 [0.83539352]
 [0.        ]
 [0.        ]
 [0.        ]
 [0.        ]
 [0.76298106]]","[[0.76392992]
 [0.816955  ]
 [0.8257594 ]
 [0.        ]
 [0.94627382]
 [0.81687445]
 [0.86673333]
 [0.78732044]
 [0.99789097]
 [0.77365373]]","[[ 0.27349251]
 [ 1.39611142]
 [ 1.902793  ]
 [11.4017832 ]
 [ 3.40009529]
 [ 1.40596201]
 [ 2.39850641]
 [ 1.33711279]
 [ 4.4193857 ]
 [ 0.65974531]]",76,run,myopic
[0. 0. 1. ... 0. 0. 0.],1.3547622703319084,2.0,0.027821519787110078,0.02824235707974508,0.017968715048156447,0.0184157237347995,0.02787681561135473,0.028728355371795352,0.01822157466687377,0.018631606521915003,"[[0.92804165]
 [0.        ]
 [0.        ]
 [0.        ]
 [0.8286855 ]
 [0.        ]
 [0.        ]
 [0.        ]
 [0.        ]
 [0.76219999]]","[[0.76244755]
 [0.81866005]
 [0.82906383]
 [0.        ]
 [0.94696185]
 [0.81816304]
 [0.87003137]
 [0.79326538]
 [1.00053359]
 [0.76967456]]","[[ 0.2738127 ]
 [ 1.39778485]
 [ 1.90139888]
 [11.46114559]
 [ 3.38736874]
 [ 1.40342764]
 [ 2.39687148]
 [ 1.3384796 ]
 [ 4.42951088]
 [ 0.65932493]]",77,run,myopic
[0. 0. 2. ... 0. 0. 1.],1.3554709735671484,-1.0,0.0278250915350749,0.02824462223845228,0.017449124670045377,0.018612661812881293,0.02787773932830096,0.028732942904611154,0.01826303942131875,0.01893364582171481,"[[0.92056788]
 [0.        ]
 [0.        ]
 [0.        ]
 [0.83199735]
 [0.        ]
 [0.        ]
 [0.        ]
 [0.        ]
 [0.76144048]]","[[0.76308321]
 [0.81359405]
 [0.82824395]
 [0.        ]
 [0.93962568]
 [0.81524847]
 [0.86864476]
 [0.79236394]
 [0.98819153]
 [0.76679874]]","[[ 0.27392776]
 [ 1.39879421]
 [ 1.90172415]
 [11.51797947]
 [ 3.37247233]
 [ 1.40832889]
 [ 2.41097493]
 [ 1.33630088]
 [ 4.43210927]
 [ 0.65896151]]",78,run,myopic
[1. 0. 2. ... 0. 1. 1.],1.3555977870393332,2.0,0.027816579890384805,0.02824430600854061,0.01813316203821912,0.01786726271941542,0.0278744743210798,0.028735639757409826,0.01764385537980707,0.018263166177127636,"[[0.9166371 ]
 [0.        ]
 [0.        ]
 [0.        ]
 [0.82908712]
 [0.        ]
 [0.        ]
 [0.        ]
 [0.        ]
 [0.76117217]]","[[0.76327552]
 [0.81314938]
 [0.82701552]
 [0.        ]
 [0.93527037]
 [0.82212704]
 [0.88134917]
 [0.7835807 ]
 [0.98741875]
 [0.76547575]]","[[ 0.27394753]
 [ 1.39892499]
 [ 1.89949367]
 [11.56225014]
 [ 3.37592088]
 [ 1.40572555]
 [ 2.41711337]
 [ 1.33712836]
 [ 4.42580115]
 [ 0.65985558]]",79,run,myopic
[0. 0. 2. ... 2. 0. 2.],1.355781502272483,-0.5,0.0278107102280974,0.028246660471386374,0.017651971435594157,0.018568172764988962,0.02787486402922667,0.028739479452247522,0.018329169847856406,0.018764764044438557,"[[0.91178112]
 [0.        ]
 [0.        ]
 [0.        ]
 [0.8284479 ]
 [0.        ]
 [0.        ]
 [0.        ]
 [0.        ]
 [0.76156608]]","[[0.76334013]
 [0.80940287]
 [0.82267242]
 [0.        ]
 [0.93682761]
 [0.82164378]
 [0.88880576]
 [0.78606908]
 [0.99543877]
 [0.7667002 ]]","[[ 0.27391972]
 [ 1.3964465 ]
 [ 1.9064242 ]
 [11.54919507]
 [ 3.37571374]
 [ 1.40856192]
 [ 2.4208448 ]
 [ 1.33940874]
 [ 4.41250914]
 [ 0.65871778]]",80,run,myopic
[2. 0. 1. ... 0. 0. 2.],1.3559804889836828,-0.5,0.027811596500388634,0.028249688617643872,0.017423615530125166,0.018420838053218078,0.02787990581496593,0.028738987352679213,0.018022571841051237,0.01884851782222886,"[[0.91377137]
 [0.        ]
 [0.        ]
 [0.        ]
 [0.82649423]
 [0.        ]
 [0.        ]
 [0.        ]
 [0.        ]
 [0.76192157]]","[[0.76365512]
 [0.80136898]
 [0.82302243]
 [0.        ]
 [0.9382171 ]
 [0.82339844]
 [0.89342176]
 [0.78835972]
 [1.00054529]
 [0.76731585]]","[[ 0.27408354]
 [ 1.39873479]
 [ 1.91091157]
 [11.50101603]
 [ 3.37763676]
 [ 1.40895538]
 [ 2.41580084]
 [ 1.33583751]
 [ 4.42063338]
 [ 0.65853384]]",81,run,myopic
[0. 0. 2. ... 2. 0. 2.],1.3561293935475702,-0.5,0.027813573717968526,0.028253272263193376,0.018071899083454527,0.018086435006958397,0.027882392810494858,0.028743964025684916,0.01794788774973845,0.01829803987134913,"[[0.91341472]
 [0.        ]
 [0.        ]
 [0.        ]
 [0.83051106]
 [0.        ]
 [0.        ]
 [0.        ]
 [0.        ]
 [0.76185746]]","[[0.76358949]
 [0.80241865]
 [0.81844867]
 [0.        ]
 [0.94175685]
 [0.81998941]
 [0.89560625]
 [0.78786242]
 [0.99916337]
 [0.76911499]]","[[ 0.27392546]
 [ 1.40587392]
 [ 1.90674363]
 [11.54980926]
 [ 3.35440509]
 [ 1.41056138]
 [ 2.42434118]
 [ 1.33314183]
 [ 4.41102665]
 [ 0.65789509]]",82,run,myopic
[0. 0. 2. ... 0. 0. 2.],1.3564237884722135,-1.5,0.027805780466352386,0.028259243051530467,0.01717811851231853,0.018429221995815908,0.027885050099686354,0.028752459591611372,0.018119567671599644,0.01867181788379962,"[[0.90679528]
 [0.        ]
 [0.        ]
 [0.        ]
 [0.83031018]
 [0.        ]
 [0.        ]
 [0.        ]
 [0.        ]
 [0.76171082]]","[[0.7623449 ]
 [0.80377687]
 [0.82147278]
 [0.        ]
 [0.9373413 ]
 [0.81883554]
 [0.89625805]
 [0.78564101]
 [1.00557568]
 [0.77042043]]","[[ 0.27402678]
 [ 1.40330788]
 [ 1.90725705]
 [11.49581421]
 [ 3.35176534]
 [ 1.41269378]
 [ 2.42042374]
 [ 1.33300985]
 [ 4.4311687 ]
 [ 0.65778255]]",83,run,myopic
[0. 0. 1. ... 0. 0. 2.],1.3566672895374945,3.0,0.027804546742282964,0.028254242402881012,0.017466753617219322,0.01866333207231948,0.027880510172205174,0.028747458165761585,0.01826995251755162,0.019045769206564183,"[[0.91339959]
 [0.        ]
 [0.        ]
 [0.        ]
 [0.83109708]
 [0.        ]
 [0.        ]
 [0.        ]
 [0.        ]
 [0.76191957]]","[[0.76308981]
 [0.8070637 ]
 [0.8213227 ]
 [0.        ]
 [0.93493428]
 [0.81863811]
 [0.89637402]
 [0.78466048]
 [1.01993597]
 [0.76840387]]","[[ 0.27386057]
 [ 1.40527913]
 [ 1.91338075]
 [11.5329097 ]
 [ 3.36708313]
 [ 1.41217713]
 [ 2.40632438]
 [ 1.32993568]
 [ 4.41086197]
 [ 0.65897819]]",84,run,myopic
[0. 0. 0. ... 0. 0. 3.],1.3566644580570424,-1.0,0.02781057572256227,0.028261195110437187,0.016776127410793002,0.01817750509931606,0.027885522531094584,0.028757238267536216,0.017760620646397662,0.01855759650738456,"[[0.92878837]
 [0.        ]
 [0.        ]
 [0.        ]
 [0.83395475]
 [0.        ]
 [0.        ]
 [0.        ]
 [0.        ]
 [0.76222232]]","[[0.76330914]
 [0.8073521 ]
 [0.82199644]
 [0.        ]
 [0.92569202]
 [0.81801261]
 [0.89266361]
 [0.78867752]
 [1.00911032]
 [0.7696763 ]]","[[ 0.27379161]
 [ 1.40271319]
 [ 1.91144599]
 [11.58248343]
 [ 3.36032813]
 [ 1.41186931]
 [ 2.41662132]
 [ 1.32866262]
 [ 4.41483703]
 [ 0.6585257 ]]",85,run,myopic
[0. 0. 2. ... 0. 0. 1.],1.3569561309159486,1.0,0.0278073359955089,0.02826328101849822,0.017987559596936018,0.018671161324587383,0.027888062909489676,0.028757614392889878,0.01839608422953914,0.018967530520295272,"[[0.91793036]
 [0.        ]
 [0.        ]
 [0.        ]
 [0.84180237]
 [0.        ]
 [0.        ]
 [0.        ]
 [0.        ]
 [0.76150212]]","[[0.76271072]
 [0.81235436]
 [0.824544  ]
 [0.        ]
 [0.92914049]
 [0.80919671]
 [0.89667154]
 [0.78672578]
 [1.01345534]
 [0.76736758]]","[[ 0.27395083]
 [ 1.40517347]
 [ 1.90834948]
 [11.621583  ]
 [ 3.37198394]
 [ 1.41301214]
 [ 2.41433006]
 [ 1.32862429]
 [ 4.43226096]
 [ 0.65778145]]",86,run,myopic
[1. 0. 1. ... 2. 0. 1.],1.3567674279220747,-2.0,0.027807967750903426,0.028259131565461733,0.018082086011854546,0.018553502366811542,0.02788573264210515,0.028751554143597938,0.018239359295456403,0.018950419519898936,"[[0.92324807]
 [0.        ]
 [0.        ]
 [0.        ]
 [0.84746227]
 [0.        ]
 [0.        ]
 [0.        ]
 [0.        ]
 [0.76171991]]","[[0.76313867]
 [0.81416621]
 [0.82885526]
 [0.        ]
 [0.92767065]
 [0.81528607]
 [0.89115813]
 [0.78243766]
 [1.01881748]
 [0.76773419]]","[[ 0.27400916]
 [ 1.40004217]
 [ 1.90623136]
 [11.4653867 ]
 [ 3.38474068]
 [ 1.40520908]
 [ 2.42061235]
 [ 1.32790522]
 [ 4.45006549]
 [ 0.65871992]]",87,run,myopic
[0. 0. 2. ... 0. 0. 1.],1.3568012346101548,0.0,0.027809469798420614,0.028256684735125902,0.017604890470889062,0.018318882477538847,0.027883708213736487,0.02874920021417829,0.017863950372037883,0.018887768755159063,"[[0.93154728]
 [0.        ]
 [0.        ]
 [0.        ]
 [0.84733475]
 [0.        ]
 [0.        ]
 [0.        ]
 [0.        ]
 [0.76193342]]","[[0.76400312]
 [0.8108095 ]
 [0.83211969]
 [0.        ]
 [0.91958226]
 [0.81816216]
 [0.88681055]
 [0.78042096]
 [1.01043413]
 [0.76865425]]","[[ 0.27385421]
 [ 1.40156307]
 [ 1.90749487]
 [11.2235489 ]
 [ 3.37508038]
 [ 1.40099422]
 [ 2.424012  ]
 [ 1.32991232]
 [ 4.44025316]
 [ 0.6607737 ]]",88,run,myopic
[0. 0. 1. ... 0. 1. 2.],1.356919635272936,1.5,0.02780984110628325,0.02825407959325182,0.0176983733481994,0.018239765524877116,0.02788136252603946,0.028746756268333364,0.017963500930705707,0.018564852413767974,"[[0.93248837]
 [0.        ]
 [0.        ]
 [0.        ]
 [0.84357194]
 [0.        ]
 [0.        ]
 [0.        ]
 [0.        ]
 [0.76168924]]","[[0.76383427]
 [0.8097023 ]
 [0.83196886]
 [0.        ]
 [0.91129071]
 [0.81941974]
 [0.89539318]
 [0.78113215]
 [1.01414534]
 [0.76705486]]","[[ 0.27377119]
 [ 1.40325953]
 [ 1.91385339]
 [11.10147323]
 [ 3.37352264]
 [ 1.39993293]
 [ 2.42844396]
 [ 1.33343712]
 [ 4.43852139]
 [ 0.66089114]]",89,run,myopic
[0. 0. 1. ... 0. 0. 1.],1.3575572567332956,-2.5,0.027805863368799363,0.02825626199067866,0.018373493666723646,0.018540803019773434,0.027882049423327244,0.028750088029371547,0.01846772290551184,0.01862224359230053,"[[0.93367089]
 [0.        ]
 [0.        ]
 [0.        ]
 [0.84265343]
 [0.        ]
 [0.        ]
 [0.        ]
 [0.        ]
 [0.76004657]]","[[0.76361884]
 [0.80989428]
 [0.83146575]
 [0.        ]
 [0.9021449 ]
 [0.81484565]
 [0.88287769]
 [0.77718856]
 [1.00901762]
 [0.76373121]]","[[ 0.27384568]
 [ 1.40780655]
 [ 1.91651435]
 [11.17476811]
 [ 3.38345967]
 [ 1.40198564]
 [ 2.4319578 ]
 [ 1.33408913]
 [ 4.44724323]
 [ 0.66199999]]",90,run,myopic
[1. 0. 1. ... 0. 0. 2.],1.3580325150890271,1.5,0.027800707375295886,0.02825136834165672,0.018220855238705907,0.01812466073861654,0.027877837128211905,0.02874409063991402,0.01787569021567427,0.018528036481459363,"[[0.9174259 ]
 [0.        ]
 [0.        ]
 [0.        ]
 [0.84817311]
 [0.        ]
 [0.        ]
 [0.        ]
 [0.        ]
 [0.75981951]]","[[0.76281207]
 [0.81069265]
 [0.83166559]
 [0.        ]
 [0.90065102]
 [0.81838795]
 [0.89067033]
 [0.77218914]
 [1.01308201]
 [0.76361275]]","[[ 0.27392642]
 [ 1.41045069]
 [ 1.91784043]
 [11.21177763]
 [ 3.37727094]
 [ 1.40994609]
 [ 2.43168814]
 [ 1.33326302]
 [ 4.46080988]
 [ 0.66293804]]",91,run,myopic
[0. 0. 1. ... 1. 0. 1.],1.3576200553571969,-0.5,0.027823503100291434,0.028253569499442247,0.018531037825393122,0.018170123049361775,0.027885853652901436,0.028741187379309415,0.018088480551915784,0.01836465582670305,"[[0.91508623]
 [0.        ]
 [0.        ]
 [0.        ]
 [0.84791859]
 [0.        ]
 [0.        ]
 [0.        ]
 [0.        ]
 [0.76057234]]","[[0.76251614]
 [0.81890076]
 [0.82882293]
 [0.        ]
 [0.9159117 ]
 [0.8197818 ]
 [0.89147628]
 [0.7758338 ]
 [1.01406497]
 [0.76467097]]","[[ 0.27384153]
 [ 1.41369187]
 [ 1.91093003]
 [11.27249547]
 [ 3.37420225]
 [ 1.41019657]
 [ 2.45117503]
 [ 1.33173027]
 [ 4.48437992]
 [ 0.66090301]]",92,run,myopic
[1. 0. 0. ... 0. 0. 2.],1.357954797756707,2.0,0.027823769421765274,0.02825253370244198,0.01712878603529907,0.01797327756084042,0.02788654055547149,0.028737732445945057,0.017789928183304972,0.01809731943884918,"[[0.91597626]
 [0.        ]
 [0.        ]
 [0.        ]
 [0.84919101]
 [0.        ]
 [0.        ]
 [0.        ]
 [0.        ]
 [0.75990438]]","[[0.76227242]
 [0.81461059]
 [0.82519077]
 [0.        ]
 [0.93152517]
 [0.81898541]
 [0.89124416]
 [0.77277445]
 [1.00388046]
 [0.7646425 ]]","[[ 0.27380941]
 [ 1.41717606]
 [ 1.90672408]
 [11.25634745]
 [ 3.37322097]
 [ 1.40669769]
 [ 2.44706239]
 [ 1.33304395]
 [ 4.49237341]
 [ 0.66097227]]",93,run,myopic
[0. 0. 0. ... 0. 0. 3.],1.3581427816214358,-2.5,0.027819758384382137,0.02825984004931553,0.016976466818826638,0.018459783962648153,0.02789249220039467,0.02874499549773853,0.018213475048900966,0.0185604823832447,"[[0.91580316]
 [0.        ]
 [0.        ]
 [0.        ]
 [0.85142801]
 [0.        ]
 [0.        ]
 [0.        ]
 [0.        ]
 [0.75958367]]","[[0.76193566]
 [0.81350692]
 [0.82597009]
 [0.        ]
 [0.92778946]
 [0.82266977]
 [0.89307029]
 [0.77256515]
 [0.99887279]
 [0.76473544]]","[[ 0.2736811 ]
 [ 1.41257017]
 [ 1.91114671]
 [11.31644455]
 [ 3.32485314]
 [ 1.40169874]
 [ 2.44486341]
 [ 1.33044756]
 [ 4.50886648]
 [ 0.66144768]]",94,run,myopic
[2. 0. 1. ... 0. 0. 4.],1.3586617453567427,1.5,0.02783662650257041,0.028263084670578798,0.018279118958289146,0.017729317405051133,0.027895768685480216,0.02875076593571032,0.017571241983557816,0.018077806256016998,"[[0.90722576]
 [0.        ]
 [0.        ]
 [0.        ]
 [0.84806985]
 [0.        ]
 [0.        ]
 [0.        ]
 [0.        ]
 [0.75836468]]","[[0.76088204]
 [0.80872859]
 [0.82352692]
 [0.        ]
 [0.9124867 ]
 [0.81508821]
 [0.88974042]
 [0.77135498]
 [1.0091333 ]
 [0.76578597]]","[[ 0.273468  ]
 [ 1.4116118 ]
 [ 1.91310957]
 [11.26996665]
 [ 3.32664433]
 [ 1.40846528]
 [ 2.44621563]
 [ 1.32888162]
 [ 4.4831717 ]
 [ 0.6617391 ]]",95,run,myopic
[1. 0. 2. ... 1. 0. 3.],1.3585222429974673,-1.0,0.027831964541079928,0.02826406569599524,0.018740289523432253,0.01850871144184371,0.02789635135895902,0.02875129663072786,0.018262130843976706,0.018933979845015204,"[[0.90666996]
 [0.        ]
 [0.        ]
 [0.        ]
 [0.83720574]
 [0.        ]
 [0.        ]
 [0.        ]
 [0.        ]
 [0.75894864]]","[[0.76144176]
 [0.79941804]
 [0.81876695]
 [0.        ]
 [0.92036051]
 [0.81532458]
 [0.88745648]
 [0.7754175 ]
 [0.99950933]
 [0.76754628]]","[[ 0.27344285]
 [ 1.41127093]
 [ 1.90790657]
 [11.28147791]
 [ 3.31331854]
 [ 1.41272546]
 [ 2.45838523]
 [ 1.32743677]
 [ 4.49237021]
 [ 0.66153502]]",96,run,myopic
[2. 0. 1. ... 1. 0. 4.],1.3588028662947662,1.0,0.027833862087254767,0.028265747070282853,0.01777066703595996,0.01845325606311662,0.02789734402630653,0.028754084394099443,0.018235683650339674,0.018660848701817858,"[[0.89965942]
 [0.        ]
 [0.        ]
 [0.        ]
 [0.83223961]
 [0.        ]
 [0.        ]
 [0.        ]
 [0.        ]
 [0.75841066]]","[[0.7619823 ]
 [0.78992271]
 [0.80898455]
 [0.        ]
 [0.91315949]
 [0.81675168]
 [0.89776412]
 [0.77401363]
 [1.00022373]
 [0.76571816]]","[[ 0.2733476 ]
 [ 1.40947236]
 [ 1.90463178]
 [11.33230679]
 [ 3.3057931 ]
 [ 1.40977118]
 [ 2.45537233]
 [ 1.32312342]
 [ 4.49204667]
 [ 0.66127221]]",97,run,myopic
[1. 0. 1. ... 0. 0. 3.],1.3586626862524593,-2.5,0.027829974549589426,0.028266744727142523,0.016430530951063414,0.018482473322175008,0.02790019216541795,0.028751295690034588,0.017969292384815306,0.018888579386379813,"[[0.90442925]
 [0.        ]
 [0.        ]
 [0.        ]
 [0.83304026]
 [0.        ]
 [0.        ]
 [0.        ]
 [0.        ]
 [0.75923381]]","[[0.7621364 ]
 [0.79176053]
 [0.811172  ]
 [0.        ]
 [0.91221707]
 [0.81784509]
 [0.89612957]
 [0.77804212]
 [1.01119088]
 [0.76799277]]","[[ 0.27336165]
 [ 1.40754125]
 [ 1.90669227]
 [11.29975146]
 [ 3.28795447]
 [ 1.4059846 ]
 [ 2.46509439]
 [ 1.32034308]
 [ 4.49859592]
 [ 0.6609428 ]]",98,run,myopic
[1. 0. 2. ... 0. 0. 1.],1.35844187558414,2.0,0.027830493959820107,0.028268706554523668,0.017997506249332287,0.01786877752816746,0.027901568944047654,0.028753890025790617,0.017866615387638046,0.01789645498354033,"[[0.90501987]
 [0.        ]
 [0.        ]
 [0.        ]
 [0.83409718]
 [0.        ]
 [0.        ]
 [0.        ]
 [0.        ]
 [0.75999385]]","[[0.76131265]
 [0.80076649]
 [0.81571027]
 [0.        ]
 [0.91010093]
 [0.82513757]
 [0.9012156 ]
 [0.78001901]
 [1.0104829 ]
 [0.76850219]]","[[ 0.27327794]
 [ 1.40781458]
 [ 1.89820242]
 [11.27485509]
 [ 3.30053806]
 [ 1.39692108]
 [ 2.46177378]
 [ 1.31501499]
 [ 4.49365145]
 [ 0.66053225]]",99,run,myopic
[0. 0. 0. ... 0. 0. 1.],1.3585448295027265,-0.5,0.02783379446476937,0.028272040907189325,0.01790693859661972,0.018144463801336712,0.027904352308917545,0.028758070437576052,0.017899073589689802,0.018479220561585973,"[[0.90789194]
 [0.        ]
 [0.        ]
 [0.        ]
 [0.8361728 ]
 [0.        ]
 [0.        ]
 [0.        ]
 [0.        ]
 [0.75964395]]","[[0.76098797]
 [0.79846075]
 [0.8173138 ]
 [0.        ]
 [0.90786096]
 [0.8258456 ]
 [0.89970595]
 [0.77507443]
 [1.00511037]
 [0.7700402 ]]","[[ 0.2733318 ]
 [ 1.40319492]
 [ 1.9022673 ]
 [11.33174599]
 [ 3.30958954]
 [ 1.40102963]
 [ 2.46209082]
 [ 1.31544798]
 [ 4.49498521]
 [ 0.66019713]]",100,run,myopic
[0. 0. 4. ... 0. 0. 2.],1.3589920147081969,-2.0,0.02784554028041317,0.028274461891830315,0.018102759095429664,0.018423373885713537,0.027908820324385523,0.028759086952793844,0.01829505310449058,0.018561301872700633,"[[0.91752044]
 [0.        ]
 [0.        ]
 [0.        ]
 [0.83632356]
 [0.        ]
 [0.        ]
 [0.        ]
 [0.        ]
 [0.75863747]]","[[0.75831304]
 [0.79863946]
 [0.81621411]
 [0.        ]
 [0.9132397 ]
 [0.83370678]
 [0.90530683]
 [0.77364737]
 [1.01199092]
 [0.77203448]]","[[ 0.27322931]
 [ 1.40781677]
 [ 1.90336727]
 [11.39468919]
 [ 3.28646851]
 [ 1.4017879 ]
 [ 2.45702576]
 [ 1.31381694]
 [ 4.49766026]
 [ 0.66081395]]",101,run,myopic
[1. 0. 3. ... 0. 0. 0.],1.359006260646006,0.0,0.0278520241982246,0.0282731178075647,0.017817828599214786,0.01813108299212033,0.027908556931922075,0.028757550533211457,0.017725959429336708,0.01869865578138377,"[[0.90577923]
 [0.        ]
 [0.        ]
 [0.        ]
 [0.83702067]
 [0.        ]
 [0.        ]
 [0.        ]
 [0.        ]
 [0.75857046]]","[[0.75980392]
 [0.80111898]
 [0.81340511]
 [0.        ]
 [0.92980052]
 [0.82959127]
 [0.90953161]
 [0.76491116]
 [0.99202416]
 [0.76967606]]","[[ 0.27309342]
 [ 1.41249953]
 [ 1.89610812]
 [11.25916136]
 [ 3.29047798]
 [ 1.39731186]
 [ 2.4583921 ]
 [ 1.31477953]
 [ 4.47899325]
 [ 0.66044428]]",102,run,myopic
[1. 0. 3. ... 0. 0. 2.],1.3586081257020932,1.0,0.02786176898726056,0.02828943477733864,0.016335745995724092,0.01846128000489538,0.027920878491704593,0.028778806700167397,0.018069895747568482,0.018665038866667556,"[[0.90649761]
 [0.        ]
 [0.        ]
 [0.        ]
 [0.83494155]
 [0.        ]
 [0.        ]
 [0.        ]
 [0.        ]
 [0.75934434]]","[[0.76113904]
 [0.79596094]
 [0.81333591]
 [0.        ]
 [0.93554719]
 [0.8268641 ]
 [0.90879268]
 [0.76940484]
 [0.99112012]
 [0.76976973]]","[[ 0.27289714]
 [ 1.40749788]
 [ 1.89882687]
 [11.14391977]
 [ 3.29471254]
 [ 1.3951191 ]
 [ 2.46537697]
 [ 1.3170575 ]
 [ 4.4915891 ]
 [ 0.65981423]]",103,run,myopic
[0. 0. 2. ... 2. 0. 5.],1.3588080240396219,3.0,0.027862952613839156,0.028289831170891594,0.01715563911517723,0.018408050057379582,0.027921552422496873,0.028778922506726142,0.0181300628699523,0.018601405214275876,"[[0.90647282]
 [0.        ]
 [0.        ]
 [0.        ]
 [0.84044091]
 [0.        ]
 [0.        ]
 [0.        ]
 [0.        ]
 [0.75901147]]","[[0.76079884]
 [0.80486741]
 [0.81129011]
 [0.        ]
 [0.94075579]
 [0.82112838]
 [0.91205403]
 [0.76839125]
 [0.98904798]
 [0.76836242]]","[[ 0.27295877]
 [ 1.40684959]
 [ 1.89879569]
 [11.19768475]
 [ 3.31212208]
 [ 1.40078599]
 [ 2.46625881]
 [ 1.31767227]
 [ 4.47286962]
 [ 0.65999773]]",104,run,myopic
[0. 0. 2. ... 0. 0. 2.],1.3594671518699146,-4.0,0.027862642570223018,0.028297652452983192,0.018128324204175546,0.01833138570531083,0.027925302239559472,0.02879150594431238,0.018281949573382233,0.018369487777297678,"[[0.89590621]
 [0.        ]
 [0.        ]
 [0.        ]
 [0.84090307]
 [0.        ]
 [0.        ]
 [0.        ]
 [0.        ]
 [0.75732377]]","[[0.75977569]
 [0.80958294]
 [0.80760016]
 [0.        ]
 [0.92896733]
 [0.81921853]
 [0.90760521]
 [0.76667174]
 [0.97126838]
 [0.76446132]]","[[ 0.2732314 ]
 [ 1.40267325]
 [ 1.90384199]
 [11.25842674]
 [ 3.30999785]
 [ 1.39960048]
 [ 2.46483279]
 [ 1.31725133]
 [ 4.48428974]
 [ 0.65969466]]",105,run,myopic
[0. 0. 2. ... 1. 0. 1.],1.3589299415570382,4.5,0.02786631709926889,0.028300300160615462,0.01821781239256968,0.018683771397058714,0.027927923875425066,0.028794388078576223,0.018586157352436666,0.018746718689210816,"[[0.90388687]
 [0.        ]
 [0.        ]
 [0.        ]
 [0.8406991 ]
 [0.        ]
 [0.        ]
 [0.        ]
 [0.        ]
 [0.7590883 ]]","[[0.76078674]
 [0.81222912]
 [0.81586757]
 [0.        ]
 [0.93463976]
 [0.81629204]
 [0.90130467]
 [0.77218529]
 [0.9799604 ]
 [0.76795367]]","[[ 0.27319223]
 [ 1.39966076]
 [ 1.89961897]
 [11.24947591]
 [ 3.28448981]
 [ 1.40421115]
 [ 2.46787364]
 [ 1.32061946]
 [ 4.47958351]
 [ 0.65865051]]",106,run,myopic
[3. 0. 0. ... 0. 0. 2.],1.358508249129207,-1.5,0.027877844496336544,0.028304638216571462,0.01737269344670378,0.018451715559092998,0.027935450638726364,0.028795151677566022,0.01822070737464943,0.01860516144337085,"[[0.91869827]
 [0.        ]
 [0.        ]
 [0.        ]
 [0.8411838 ]
 [0.        ]
 [0.        ]
 [0.        ]
 [0.        ]
 [0.76030164]]","[[0.76262205]
 [0.81381313]
 [0.81460795]
 [0.        ]
 [0.92736837]
 [0.81820743]
 [0.90625618]
 [0.76901697]
 [0.99465667]
 [0.76922759]]","[[ 0.27318322]
 [ 1.40382497]
 [ 1.89164373]
 [11.20613684]
 [ 3.30201396]
 [ 1.40544979]
 [ 2.46306365]
 [ 1.32238003]
 [ 4.48002358]
 [ 0.65895383]]",107,run,myopic
[1. 0. 1. ... 1. 0. 3.],1.3582821808818217,1.0,0.02789558801450954,0.028303872921469145,0.016904851896440316,0.01829564221194808,0.027935799612384113,0.02879616098667175,0.017860561996384933,0.018705886296525708,"[[0.92531974]
 [0.        ]
 [0.        ]
 [0.        ]
 [0.84343962]
 [0.        ]
 [0.        ]
 [0.        ]
 [0.        ]
 [0.76156146]]","[[0.76316629]
 [0.81604168]
 [0.81844689]
 [0.        ]
 [0.93686139]
 [0.81755847]
 [0.91425315]
 [0.77436047]
 [1.0028728 ]
 [0.77063444]]","[[ 0.27348635]
 [ 1.40663056]
 [ 1.89373905]
 [11.27074429]
 [ 3.30534358]
 [ 1.40272721]
 [ 2.45292909]
 [ 1.32504471]
 [ 4.48272388]
 [ 0.65788239]]",108,run,myopic
[0. 0. 0. ... 0. 0. 3.],1.3588131219291684,-3.0,0.02789440278688416,0.028304733015157908,0.01719596344984281,0.01833028151506243,0.027937586594118595,0.028795200445013484,0.01801714340783302,0.018600342104392098,"[[0.92349493]
 [0.        ]
 [0.        ]
 [0.        ]
 [0.8459135 ]
 [0.        ]
 [0.        ]
 [0.        ]
 [0.        ]
 [0.75998897]]","[[0.76137895]
 [0.81488615]
 [0.81415389]
 [0.        ]
 [0.92307035]
 [0.81742818]
 [0.91178869]
 [0.77621874]
 [1.0103512 ]
 [0.76907929]]","[[ 0.27325048]
 [ 1.41594893]
 [ 1.89370685]
 [11.27741438]
 [ 3.31705257]
 [ 1.40560262]
 [ 2.44911226]
 [ 1.32456992]
 [ 4.48817911]
 [ 0.65899921]]",109,run,myopic
[0. 0. 2. ... 1. 0. 1.],1.359564003007858,-1.0,0.027902653960889978,0.028304837424219586,0.018055605818542986,0.018427587876143153,0.027938505215006997,0.02879558505402504,0.018069043765177095,0.018911994875177387,"[[0.92429713]
 [0.        ]
 [0.        ]
 [0.        ]
 [0.84888918]
 [0.        ]
 [0.        ]
 [0.        ]
 [0.        ]
 [0.75812423]]","[[0.76027974]
 [0.81121934]
 [0.80777732]
 [0.        ]
 [0.92836544]
 [0.81293815]
 [0.90623897]
 [0.77546159]
 [1.00773658]
 [0.76646757]]","[[ 0.27351636]
 [ 1.41477823]
 [ 1.89849479]
 [11.34816457]
 [ 3.33567628]
 [ 1.40577823]
 [ 2.45495042]
 [ 1.3262456 ]
 [ 4.47542503]
 [ 0.65977877]]",110,run,myopic
